booking_id,guest_id,room_id,check_in_date,check_out_date,status,channel,pax,total_amount,payment_status,created_at
VP01734,CM01734,B209,16/11/2025,18/11/2025,Confirmed,Line,2,800,Unknown,2026-01-15 09:09:38
VP01735,CM01734,B206,16/11/2025,18/11/2025,Confirmed,Line,2,800,Unknown,2026-01-15 09:09:38
VP01736,CM01734,B211,16/11/2025,18/11/2025,Confirmed,Line,2,800,Unknown,2026-01-15 09:09:38
VP01737,CM01734,N1,16/11/2025,18/11/2025,Confirmed,Line,2,1200,Unknown,2026-01-15 09:09:38
VP01738,CM01734,N5,16/11/2025,18/11/2025,Confirmed,Line,2,1200,Unknown,2026-01-15 09:09:38
VP01739,CM01734,N6,16/11/2025,18/11/2025,Confirmed,Line,2,1200,Unknown,2026-01-15 09:09:38
VP01740,CM01735,A106,16/11/2025,18/11/2025,Confirmed,Line,2,1000,Unknown,2026-01-15 09:09:38
VP01741,CM01735,A107,16/11/2025,18/11/2025,Confirmed,Line,2,1000,Unknown,2026-01-15 09:09:38
VP01742,CM01735,A108,16/11/2025,18/11/2025,Confirmed,Line,2,1000,Unknown,2026-01-15 09:09:38
VP01743,CM01735,A109,16/11/2025,18/11/2025,Confirmed,Line,2,1000,Unknown,2026-01-15 09:09:38
VP01744,CM01735,A110,16/11/2025,18/11/2025,Confirmed,Line,2,1000,Unknown,2026-01-15 09:09:38
VP01745,CM01735,B111,16/11/2025,18/11/2025,Confirmed,Line,2,1000,Unknown,2026-01-15 09:09:38
VP01746,CM01735,B101,16/11/2025,18/11/2025,Confirmed,Line,2,1000,Unknown,2026-01-15 09:09:38
VP01747,CM01735,B102,16/11/2025,18/11/2025,Confirmed,Line,2,1000,Unknown,2026-01-15 09:09:38
VP01748,CM01735,B103,16/11/2025,18/11/2025,Confirmed,Line,2,1000,Unknown,2026-01-15 09:09:38
VP01749,CM01735,B104,16/11/2025,18/11/2025,Confirmed,Line,2,800,Unknown,2026-01-15 09:09:38
VP01750,CM01735,B105,16/11/2025,18/11/2025,Confirmed,Line,2,800,Unknown,2026-01-15 09:09:38
VP01751,CM01735,B106,16/11/2025,18/11/2025,Confirmed,Line,2,800,Unknown,2026-01-15 09:09:38
VP01752,CM01735,B107,16/11/2025,18/11/2025,Confirmed,Line,2,800,Unknown,2026-01-15 09:09:38
VP01753,CM01735,B108,16/11/2025,18/11/2025,Confirmed,Line,2,800,Unknown,2026-01-15 09:09:38
VP01754,CM01735,B109,16/11/2025,18/11/2025,Confirmed,Line,2,800,Unknown,2026-01-15 09:09:38
VP01755,CM01735,B110,16/11/2025,18/11/2025,Confirmed,Line,2,800,Unknown,2026-01-15 09:09:38
VP01756,CM01735,B208,16/11/2025,18/11/2025,Confirmed,Line,2,800,Unknown,2026-01-15 09:09:38
VP01757,CM01735,B207,16/11/2025,18/11/2025,Confirmed,Line,2,800,Unknown,2026-01-15 09:09:38
VP01758,CM01737,A101,15/11/2025,16/11/2025,Confirmed,โทรศัพท์,2,400,Unknown,2026-01-15 09:09:38
VP01759,CM01737,A102,15/11/2025,16/11/2025,Confirmed,โทรศัพท์,2,400,Unknown,2026-01-15 09:09:38
VP01760,CM01738,B109,13/11/2025,14/11/2025,Confirmed,โทรศัพท์,2,400,Unknown,2026-01-15 09:09:38
VP01761,CM01738,B108,13/11/2025,14/11/2025,Confirmed,โทรศัพท์,2,400,Unknown,2026-01-15 09:09:38
VP01762,CM01739,A207,12/11/2025,13/11/2025,Confirmed,Walk-in,2,400,Unknown,2026-01-15 09:09:38
VP01763,CM01148,A111,12/11/2025,13/11/2025,Confirmed,Walk-in,2,400,Unknown,2026-01-15 09:09:38
VP01764,CM01740,B110,12/11/2025,13/11/2025,Confirmed,Line,2,400,Unknown,2026-01-15 09:09:38
VP01765,CM01741,N2,12/11/2025,13/11/2025,Confirmed,Walk-in,2,500,Unknown,2026-01-15 09:09:38
VP01766,CM01742,B107,12/11/2025,14/11/2025,Confirmed,Walk-in,2,800,Unknown,2026-01-15 09:09:38
VP01767,CM01743,A105,12/11/2025,13/11/2025,Confirmed,Walk-in,2,400,Unknown,2026-01-15 09:09:38
VP01768,CM01744,A103,12/11/2025,13/11/2025,Confirmed,Walk-in,2,400,Unknown,2026-01-15 09:09:38
VP01769,CM01745,A107,12/11/2025,13/11/2025,Confirmed,Walk-in,2,500,Unknown,2026-01-15 09:09:38
VP01770,CM01746,A102,12/11/2025,13/11/2025,Confirmed,Walk-in,2,400,Unknown,2026-01-15 09:09:38
VP01771,CM01747,A108,12/11/2025,13/11/2025,Confirmed,Walk-in,2,500,Unknown,2026-01-15 09:09:38
VP01772,CM01748,A104,12/11/2025,13/11/2025,Confirmed,Walk-in,2,400,Unknown,2026-01-15 09:09:38
VP01773,CM01749,A101,12/11/2025,14/11/2025,Confirmed,Walk-in,2,800,Unknown,2026-01-15 09:09:38
VP01774,CM01750,B105,14/11/2025,15/11/2025,Confirmed,Walk-in,2,400,Unknown,2026-01-15 09:09:38
VP01775,CM01751,A101,29/11/2025,1/12/2025,Confirmed,Walk-in,2,800,Unknown,2026-01-15 09:09:38
VP01776,CM01752,N2,13/11/2025,14/11/2025,Confirmed,Walk-in,2,500,Unknown,2026-01-15 09:09:38
VP01777,CM01753,B106,13/11/2025,16/11/2025,Confirmed,Walk-in,2,1200,Unknown,2026-01-15 09:09:38
VP01778,CM01754,A102,13/11/2025,14/11/2025,Confirmed,Walk-in,2,400,Unknown,2026-01-15 09:09:38
VP01779,CM01755,B104,13/11/2025,14/11/2025,Confirmed,Walk-in,2,400,Unknown,2026-01-15 09:09:38
VP01780,CM01756,B105,13/11/2025,14/11/2025,Confirmed,Walk-in,2,400,Unknown,2026-01-15 09:09:38
VP01781,CM01757,A111,13/11/2025,14/11/2025,Confirmed,Walk-in,2,400,Unknown,2026-01-15 09:09:38
VP01782,CM01758,A108,13/11/2025,14/11/2025,Confirmed,Walk-in,2,500,Unknown,2026-01-15 09:09:38
VP01783,CM01758,A106,13/11/2025,14/11/2025,Confirmed,Walk-in,2,500,Unknown,2026-01-15 09:09:38
VP01784,CM01759,A104,13/11/2025,14/11/2025,Confirmed,Walk-in,2,400,Unknown,2026-01-15 09:09:38
VP01785,CM01761,A103,13/11/2025,14/11/2025,Confirmed,Walk-in,2,400,Unknown,2026-01-15 09:09:38
VP01786,CM01743,A105,13/11/2025,14/11/2025,Confirmed,Walk-in,2,400,Unknown,2026-01-15 09:09:38
VP01787,CM01763,A107,13/11/2025,14/11/2025,Confirmed,Walk-in,2,500,Unknown,2026-01-15 09:09:38
VP01788,CM01763,B110,13/11/2025,14/11/2025,Confirmed,Walk-in,2,400,Unknown,2026-01-15 09:09:38
VP01789,CM01764,B103,13/11/2025,14/11/2025,Confirmed,Walk-in,2,400,Unknown,2026-01-15 09:09:38
VP01790,CM01765,B102,13/11/2025,14/11/2025,Confirmed,Walk-in,2,400,Unknown,2026-01-15 09:09:38
VP01791,CM01766,B101,13/11/2025,14/11/2025,Confirmed,Walk-in,2,400,Unknown,2026-01-15 09:09:38
VP01792,CM01767,N3,13/11/2025,14/11/2025,Confirmed,Walk-in,2,500,Unknown,2026-01-15 09:09:38
VP01793,CM01770,A105,16/11/2025,18/11/2025,Confirmed,Walk-in,2,800,Unknown,2026-01-15 09:09:38
VP01794,CM01771,A111,16/11/2025,18/11/2025,Confirmed,Walk-in,2,800,Unknown,2026-01-15 09:09:38
VP01795,CM01772,A207,16/11/2025,17/11/2025,Confirmed,Walk-in,2,400,Unknown,2026-01-15 09:09:38
VP01796,CM01773,A104,16/11/2025,17/11/2025,Confirmed,Walk-in,2,400,Unknown,2026-01-15 09:09:38
VP01797,CM01774,B204,16/11/2025,18/11/2025,Confirmed,Walk-in,2,800,Unknown,2026-01-15 09:09:38
VP01798,CM01774,B205,16/11/2025,18/11/2025,Confirmed,Walk-in,2,800,Unknown,2026-01-15 09:09:38
VP01799,CM01525,N7,16/11/2025,17/11/2025,Confirmed,Walk-in,2,500,Unknown,2026-01-15 09:09:38
VP01800,CM01277,A101,17/11/2025,18/11/2025,Confirmed,Walk-in,2,400,Unknown,2026-01-15 09:09:38
VP01801,CM01301,A102,17/11/2025,18/11/2025,Confirmed,Walk-in,2,400,Unknown,2026-01-15 09:09:38
VP01802,CM01467,A103,17/11/2025,18/11/2025,Confirmed,Walk-in,2,400,Unknown,2026-01-15 09:09:38
VP01803,CM01196,A104,17/11/2025,19/11/2025,Confirmed,Walk-in,2,800,Unknown,2026-01-15 09:09:38
VP01804,CM01277,A207,17/11/2025,18/11/2025,Confirmed,Walk-in,2,400,Unknown,2026-01-15 09:09:38
VP01805,CM01776,B203,17/11/2025,18/11/2025,Confirmed,Walk-in,2,400,Unknown,2026-01-15 09:09:38
VP01806,CM01767,N7,17/11/2025,18/11/2025,Confirmed,Walk-in,2,500,Unknown,2026-01-15 09:09:38
VP01807,CM01777,N2,17/11/2025,18/11/2025,Confirmed,Walk-in,2,500,Unknown,2026-01-15 09:09:38
VP01808,CM01777,N3,17/11/2025,18/11/2025,Confirmed,Walk-in,2,500,Unknown,2026-01-15 09:09:38
VP01809,CM01766,B201,17/11/2025,18/11/2025,Confirmed,Walk-in,2,400,Unknown,2026-01-15 09:09:38
VP01810,CM01355,N4,17/11/2025,18/11/2025,Confirmed,Walk-in,2,600,Unknown,2026-01-15 09:09:38
