Transaction ID,ชื่อ นามสกุล,ชื่อ,นามสกุล,ที่อยู่,หมายเลขบัตรประชาชน,เบอร์ติดต่อกลับ
VP01146,เซาวลิต,เซาวลิต, ,-,-,098-7991-839
VP01147,เหนือฟ้า,เหนือฟ้า,,-,-,064-3586-160
VP01148,ทวีศักดิ์,ทวีศักดิ์,,-,-,082-8389-843
VP01149,สุริยันห์  ยิ่งลาท,สุริยันห์ ,ยิ่งลาท,-,-,092-5202-651
VP01150,วีระยุทธ  วีระกร,วีระยุทธ ,วีระกร,-,-,064-5919-705
VP01151,ดวงฤดี ธนพรรัชต์,ดวงฤดี,ธนพรรัชต์,-,-,092-8067-515
VP01152,ณัฐวุฒิ โพธิ์สว่าง,ณัฐวุฒิ,โพธิ์สว่าง,-,-,088-5605-004
VP01153,อภิชาติ,อภิชาติ,,-,-,082-2474-822
VP01154,วุฒิชัย เศษรักษา,วุฒิชัย,เศษรักษา,-,-,098-6460-740
VP01155,ชัชพล หลวงชา,ชัชพล,หลวงชา,-,-,091-8673-787
VP01156,คุณปอนด์,คุณปอนด์,,-,-,06-2414-378
VP01157,เพลง,เพลง,,-,-,081-9524-051
VP01158,โสภณ,โสภณ,,-,-,083-7257-244
VP01159,บริษัท โชวี่,บริษัท โชวี่,,-,-,081-7369-113
VP01160,คุณส้ม,คุณส้ม,,-,-,065-9208-391
VP01161,เต้,เต้,,-,-,088-2744-477
VP01162,อธิวัฒน์ ยาทองไชย,อธิวัฒน์,ยาทองไชย,-,-,063-5250-916
VP01163,พัชรินทร์,พัชรินทร์,,-,-,080-2104-363
VP01164,ราชสีมา,ราชสีมา,,-,-,-
VP01165,กำธร โพธิ์เสน,กำธร โพธิ์เสน,,-,-,089-5305-462
VP01166,คุณเป๊ก,คุณเป๊ก,,-,-,065-1193-844
VP01167,พิชิตชัย,พิชิตชัย,,-,-,080-0138-270
VP01168,คุณ พีระ ตรีบวรกุศล,คุณ พีระ,ตรีบวรกุศล,-,-,085-6672-260
VP01169,บรรเจิด หอยทอง,บรรเจิด,หอยทอง,-,-,081-4410-591
VP01170,สมภพ โชติวงษ์,สมภพ,โชติวงษ์,-,-,089-2087-259
VP01171,คุณสุพัตรา,คุณสุพัตรา,,-,-,099-4526-649
VP01172,ลุงเลียม,ลุงเลียม,,-,-,088-7479-892
VP01173,วิชิต,วิชิต,,-,-,093-1011-156
VP01174,น้องฟ้า,น้องฟ้า,,-,-,080-1805-376
VP01175,ธีรพงษ์,ธีรพงษ์,,-,-,080-4651-451
VP01176,คมกริช กุหลาบขาว,คมกริช,กุหลาบขาว,-,-,-
VP01177,คุณวัน,คุณวัน,,-,-,-
VP01178,สำเริง เดือนคล้อย,สำเริง,เดือนคล้อย,-,-,089-2542-788
VP01179,จิณิพงษ์ ละการชั่ว,จิณิพงษ์,ละการชั่ว,-,-,080-2454-323
VP01180,ธาราวุธ,ธาราวุธ,,-,-,082-2698-388
VP01181,จีระเดช แข็งขัน,จีระเดช,แข็งขัน,-,-,064-0100-598
VP01182,นายวิทยา ชัยระเทศ,นายวิทยา,ชัยระเทศ,-,-,064-9929-890
VP01183,ชญานิศ ชินใหม่,ชญานิศ,ชินใหม่,-,-,063-0290-136
VP01184,สุกัญญา,สุกัญญา,,-,-,096-5306-618
VP01185,ชัยศักดิ์ อัดตละ,ชัยศักดิ์,อัดตละ,-,-,089-3977-374
VP01186,ภณัชกร,ภณัชกร,,-,-,099-6864-837
VP01187,ต่าย,ต่าย,,-,-,094-4824-955
VP01188,บริษัท ชัวร์ ฟิลเตอร์ (ประเทศไทย) จำกัด,บริษัท ชัวร์ ฟิลเตอร์ (ประเทศไทย) จำกัด,,30/160 หมู่ที่ 1 ถนนเจษฏาวิถี ตำบลโคกขาม อำเภอเมืองสมุทรสาคร จ.สมุทรสาคร 74000,745546000078,
VP01189,วิญญู,วิญญู,,-,-,082-8500-850
VP01190,คุณสมบัติ,คุณสมบัติ,,-,-,098-1834-229
VP01191,สันติ ขอมกิ่ง,สันติ,ขอมกิ่ง,-,-,092-9526-159
VP01192,มนัส,มนัส,,-,-,089-5126-243
VP01193,บริษัท ดี.เอช.เอ.สยามวาลา จำกัด,บริษัท ดี.เอช.เอ.สยามวาลา จำกัด,,202 ถนนสุรวงศ์ แขวงสี่พระยา เขตบางรัก กรุงเทพมหานคร 10500,105485000257,
VP01194,บริษัท ไบโอ,บริษัท ไบโอ,,-,-,-
VP01195,ปณต โพธิ์สว่าง,ปณต,โพธิ์สว่าง,-,-,093-5435-843
VP01196,สุจิตรา ธรรมเจริญ,สุจิตรา,ธรรมเจริญ,-,-,092-8875-964
VP01197,ประนมไพร,ประนมไพร,,-,-,080-0556-182
VP01198,วินัย,วินัย,,-,-,080-7710-888
VP01199,ชุตินันต์,ชุตินันต์,,-,-,093-5202-132
VP01200,ธีรยุทธ,ธีรยุทธ,,-,1550700105640,-
VP01201,นมดูเม็ก,นมดูเม็ก,,-,-,-
VP01202,วงศ์วรัญ นารถชัย,วงศ์วรัญ,นารถชัย,-,-,095-205-2957
VP01203,บริษัท เค เทคนิคเชี่ยน แอนด์ เซอร์วิส จำกัด    (สำนักงานใหญ่),บริษัท เค เทคนิคเชี่ยน แอนด์ เซอร์วิส จำกัด    (สำนักงานใหญ่),,124/208 หมู่ที่ 1 ตำบลบึงยี่โถ อำเภอธัญบุรี จ.ปทุมธานี 12130,135557015433,-
VP01204,บริษัท ห้าม้า โอสถ จำกัด,บริษัท ห้าม้า โอสถ จำกัด,,145/5 ซอยเฉลิมพระเกียรติ ร.9 ซ. 30 แขวงดอกไม้ เขตประเวศ กรุงเทพมหานคร 10250,105546034385,-
VP01205,ศราวุฒิ,ศราวุฒิ,,-,-,091-0518-256
VP01206,ครูยา,ครูยา,,-,-,081-0540-830
VP01207,ทองใส,ทองใส,,-,-,084-5929-022
VP01208,ยุทธพงษ์,ยุทธพงษ์,,-,-,062-5782-534
VP01209,ช่อผกา,ช่อผกา,,-,-,086-4342-126
VP01210,รัฐธรรมนูญ,รัฐธรรมนูญ,,-,-,086-2682-833
VP01211,จุติพร เทยเลอร์,จุติพร,เทยเลอร์,-,-,080-7014-582
VP01212,บริษัท เอคโค่,บริษัท เอคโค่,,-,-,098-6239-932
VP01213,วรวุธ,วรวุธ,,-,-,091-8622-406
VP01214,คุณตุ๊,คุณตุ๊,,-,-,098-2269-056
VP01215,น้องเบลล์,น้องเบลล์,,-,-,-
VP01216,วิจิตรา,วิจิตรา,,-,-,-
VP01217,พิศิษ,พิศิษ,,-,1480800071071,080-7569-935
VP01218,สุชาติ,สุชาติ,,-,-,082-1130-448
VP01219,ทนากร,ทนากร,,-,-,094-4985-514
VP01220,บริษัท ออโตคอร์ป โฮลดิ้ง จำกัด,บริษัท ออโตคอร์ป โฮลดิ้ง จำกัด,,1111 หมู่ที่ 1 ถนนมะลิวัลย์ ตำบลบ้านทุ่ม อำเภอเมืองขอนแก่น จ.ขอนแก่น 40000,325558000268,086-2862-833
VP01221,เบนซ์,เบนซ์,,-,-,
VP01222,คุณ ธนาธร,คุณ ธนาธร,,-,-,094-4985-514
VP01223,คุณ วรพล,คุณ วรพล,,-,-,094-6828-266
VP01224,มานพ,มานพ,,-,,082-8372-824
VP01225,กิ่งกานณ์ กุลาวงษ์,กิ่งกานณ์,กุลาวงษ์,-,-,082-9299-888
VP01226,กรรณิกา,กรรณิกา,,-,-,095-1655-445
VP01227,น.ส. ชนิทณี เดชบุรีรัมธ,น.ส. ชนิทณี,เดชบุรีรัมธ,316 ม.4 อ.เมือง จ.บึงกาฬ,1430301364481,086-3403-382
VP01228,รุ่่งโรจน์,รุ่่งโรจน์,,-,-,062-8573-585
VP01229,คุณ ปอนด์,คุณ ปอนด์,,-,-,-
VP01230,เตชิน,เตชิน,,,,098-7993-370
VP01231,ช่างซ่อมเครื่องซักผ้า,ช่างซ่อมเครื่องซักผ้า,,-,-,-
VP01232,ธวัชชัย,ธวัชชัย,,-,-,083-0408-237
VP01233,อาทิตย์,อาทิตย์,,-,-,096-6317-976
VP01234,ชาวลิต,ชาวลิต,,-,-,098-7991-839
VP01235,สมควร,สมควร,,-,-,095-8614-778
VP01236,คุณทาม,คุณทาม,,-,-,090-192-0150
VP01237,ลลิตา,ลลิตา,,-,1479300060141,064-3364-681
VP01238,คุณไพโรจน์,คุณไพโรจน์,,-,-,-
VP01239,คุณสนธยา,คุณสนธยา,,-,-,080-8192-542
VP01240,คุณฉัตรชัย,คุณฉัตรชัย,,-,-,-
VP01241,ฐิติกา,ฐิติกา,,-,-,064-0351-274
VP01242,วัชรินทร์,วัชรินทร์,,-,-,095-2219-945
VP01243,ชญานี,ชญานี,,-,-,064-7293-821
VP01244,อนุชิต,อนุชิต,,-,-,061-2598-988
VP01245,โชติรส,โชติรส,,-,-,063-3614-993
VP01246,ธิดารัตน์,ธิดารัตน์,,-,-,096-3453-706
VP01247,ภาณุวัฒน์,ภาณุวัฒน์,,-,-,098-3498-404
VP01248,สวภณ,สวภณ,,-,-,067-6435-832
VP01249,ณัฐภัทร,ณัฐภัทร,,-,-,085-4840-614
VP01250,ตองสาม,ตองสาม,,-,-,088-8924-498
VP01251,ธิติยา,ธิติยา,,-,-,062-1878-476
VP01252,สุระชัย,สุระชัย,,-,-,088-9435-547
VP01253,อภิวัฒน์,อภิวัฒน์,,-,-,081-8724-322
VP01254,กชพรรณ,กชพรรณ,,-,-,098-2405-411
VP01255,เอ้,เอ้,,-,,089-4480-514
VP01256,วัฒนา สีอ่อง,วัฒนา,สีอ่อง,-,1419900226874,080-2372-464
VP01257,จรัสชัย,จรัสชัย,,-,-,096-0978-692
VP01258,วิษณุ,วิษณุ,,-,-,082-8500-850
VP01259,สุนันท์,สุนันท์,,-,-,063-7412-876
VP01260,เอกสิทธ์,เอกสิทธ์,,-,-,081-2868-092
VP01261,ชลธิชา,ชลธิชา,,-,-,-
VP01262,คุณครเทวิน,คุณครเทวิน,,-,-,082-8372-824
VP01263,บริษัท ธนวัฒน์,บริษัท ธนวัฒน์,,-,-,
VP01264,คุณกิจพงษ์,คุณกิจพงษ์,,-,-,081-5589-185
VP01265,มนต์ทรานสปอร์ต,มนต์ทรานสปอร์ต,,-,-,
VP01266,เสกสรรค์,เสกสรรค์,,-,-,061-9941-942
VP01267,กรภัทร,กรภัทร,,-,-,093-0286-088
VP01268,อริสรา,อริสรา,,-,-,093-6672-972
VP01269,นัฐพงษ์,นัฐพงษ์,,-,-,098-2567-909
VP01270,ประสงค์,ประสงค์,,-,-,064-6474-674
VP01271,กรมประมง,กรมประมง,,-,-,081-592-6392
VP01272,นาย นันฑิตา,นาย นันฑิตา,,-,-,064-6266-016
VP01273,อภิญญา,อภิญญา,,-,1539900814294,092-4520-992
VP01274,ศศิพร,ศศิพร,,-,-,082-2054-703
VP01275,ดารินทร์,ดารินทร์,,-,-,063-7963-382
VP01276,จีรวัฒน์ ชฎาทอง,จีรวัฒน์,ชฎาทอง,-,-,-
VP01277,ประวิทย์,ประวิทย์,,-,-,087-8985-543
VP01278,แทนรัก,แทนรัก,,-,-,081-0700-537
VP01279,อรรณพ ลอนชา,อรรณพ,ลอนชา,-,-,095-7852-257
VP01280,วิชัย ศรีมาลา,วิชัย,ศรีมาลา,-,-,084-3628-471
VP01281,สิรภพ สีพรม,สิรภพ,สีพรม,-,-,082-6815-568
VP01282,ธนพิทักษ์ อุปชัย,ธนพิทักษ์,อุปชัย,-,-,095-9904-661
VP01283,คุณธีระ,คุณธีระ,,-,-,085-6672-260
VP01284,คุณหนึ่ง,คุณหนึ่ง,,-,-,097-0151-712
VP01285,รุ่งนภา บัวโอกาส,รุ่งนภา,บัวโอกาส,-,-,099-1846-116
VP01286,บริษัท บิ๊ก วัน อินเตอร์เทรด จำกัด,บริษัท บิ๊ก วัน อินเตอร์เทรด จำกัด,,49/484 หมู่ที่ 4 ตำบลโคกขาม อำเภอเมืองสมุทรสาคร จ.สมุทรสาคร 74000,105551130478,-
VP01287,สามรวมมิตร,สามรวมมิตร,,-,-,061-3632-244
VP01288,สมชาย,สมชาย,,-,-,092-2812-637
VP01289,ปพิชญา นุสน,ปพิชญา,นุสน,-,-,-
VP01290,ณัฐวัฒน์,ณัฐวัฒน์,,-,-,098-0389-895
VP01291,น.ส.ณัฐฌา,น.ส.ณัฐฌา,,-,-,098-3982-512
VP01292,วัชระ  พรหม,วัชระ ,พรหม,-,-,085-6520-193
VP01293,คุณศรชัย,คุณศรชัย,,-,-,088-7904-698
VP01294,ศรัณย์ รื่นรมย์,ศรัณย์,รื่นรมย์,-,-,089-7988-111
VP01295,วิชิต ผิวขวา,วิชิต,ผิวขวา,-,-,093-1011-155
VP01296,ถิรายุ,ถิรายุ,,-,-,083-8135-668
VP01297,กฤษฎา,กฤษฎา,,-,-,062-1170-080
VP01298,วิรัตน์,วิรัตน์,,-,-,082-1141-788
VP01299,นาย สมใจ บุญส่ง,นาย สมใจ,บุญส่ง,-,-,089-5327-017
VP01300,รถน้ำส้ม,รถน้ำส้ม,,-,-,-
VP01301,สงกรานต์,สงกรานต์,,-,-,065-5987-445
VP01302,ธเนศ,ธเนศ,,-,-,063-7305-666
VP01303,เกรียงศักดิ์,เกรียงศักดิ์,,-,-,098-5341-312
VP01304,เพ็ญระพร,เพ็ญระพร,,-,-,097-1426-523
VP01305,สังวาล,สังวาล,,-,-,083-4211-303
VP01306,อนุชิิต,อนุชิิต,,,,061-2598-988
VP01307,บริษัท ตระกลูชัย,บริษัท ตระกลูชัย,,-,-,089-5699-346
VP01308,คมไพสิฐ,คมไพสิฐ,,-,-,096-1757-237
VP01309,คุณปั่น,คุณปั่น,,-,-,086-4666-146
VP01310,เสกศักดิ์,เสกศักดิ์,,-,-,089-5699-346
VP01311,สนธยา,สนธยา,,-,-,080-8192-542
VP01312,กัลยากร,กัลยากร,,-,-,083-1800-908
VP01313,ธวัช,ธวัช,,-,-,084-1793-723
VP01314,นายธิติพงษ์ จรินร์โคตร,นายธิติพงษ์,จรินร์โคตร,-,1410100067322,080-4651-451
VP01315,ศศิธร  สามา,ศศิธร ,สามา,-,-,094-2915-946
VP01316,ชัยโย,ชัยโย,,-,-,088-1119-753
VP01317,น้ำจิ้มคุณนิด,น้ำจิ้มคุณนิด,,-,-,-
VP01318,นรเสฎธิ์  ไหล่จิตรภาชัยกร,นรเสฎธิ์ ,ไหล่จิตรภาชัยกร,-,-,083-3333-811
VP01319,ยุวดี  อุบลแก้ว,ยุวดี ,อุบลแก้ว,-,-,085-4856-611
VP01320,เศตวรรต  ไชยสุระ,เศตวรรต ,ไชยสุระ,-,-,064-4201-785
VP01321,ประดิษฐ์,ประดิษฐ์,,-,-,098-4880-344
VP01322,ภาคิน,ภาคิน,,-,-,098-9053-956
VP01323,อภิรมศักดิ์  สุขะ,อภิรมศักดิ์, สุขะ,-,-,098-9619-429
VP01324,มณีรัตน์,มณีรัตน์,,-,-,083-3343-541
VP01325,ครรชิต,ครรชิต,,-,-,093-1634-257
VP01326,พุทธิพงศ์,พุทธิพงศ์,,-,-,-
VP01327,อรรถวิชญ์  จรถวิล,อรรถวิชญ์ ,จรถวิล,-,-,064-6767-675
VP01328,มังกร,มังกร,,-,1321000125347,087-2153-411
VP01329,กิตติศักดิ์,กิตติศักดิ์,,-,-,064-5935-847
VP01330,บุญเกิด,บุญเกิด,,-,-,090-3525-606
VP01331,คุณอนงค์,คุณอนงค์,,-,-,080-5277-588
VP01332,ศิรินทิพย์   ทวี,ศิรินทิพย์  ,ทวี,-,-,098-9611-336
VP01333,ศรินญา,ศรินญา,,-,-,092-2149-818
VP01334,วุฒิชัย  เศษรักษา,วุฒิชัย ,เศษรักษา,-,-,098-6460-740
VP01335,อาทิตย์ กองกาณ,อาทิตย์,กองกาณ,-,-,098-6773-611
VP01336,พรรณรัตน์,พรรณรัตน์,,-,-,063-1508-917
VP01337,น.ส.ธิติมา พิมปัดชา,น.ส.ธิติมา,พิมปัดชา,159 ม.5 ต.ท่าดอกคำ อ.บึงโขลหลง จ.บึงกาฬ,1470600071159,087-9492-420
VP01338,อิสริยะ ภูนาเมือง,อิสริยะ,ภูนาเมือง,,,061-1342-115
VP01339,จีรนันท์ มงคลเสริม, จีรนันท์,มงคลเสริม,,,092-5494-715
VP01340,นายประเวศ สาคี,นายประเวศ,สาคี,74 ม.3 ต.นาคูณใหญ่ อ.นาหว่า จ.นครพนม,3480900365383,062-1461-060
VP01341,GUBEW,GUBEW,,,,099-1175-368
VP01342,เอกนกร โสมอินทร์,เอกนกร,โสมอินทร์,,,098-5911-225
VP01343,ตุ๊ก,ตุ๊ก,,,,094-3915-946
VP01344,ธาราธร,ธาราธร,,,,-
VP01345,นายพิชิชัย,นายพิชิชัย,,,,080-0138-270
VP01346,บริษัท สยามคาร์เรนท์ จำกัด,บริษัท สยามคาร์เรนท์ จำกัด,,9/333 ซอยรัชดาภิเษก 33 ถนนรัชดาภิเษก แขวงจตุจักร เขตจตุจักร กรุงเทพมหานคร 10900,105545076084,
VP01347,บริษัท สยามสเคป จำกัด,บริษัท สยามสเคป จำกัด,,59/6 หมู่ที่ 2 ตำบลเกาะพะงัน อำเภอเกาะพะงัน จ.สุราษฎร์ธานี 84280,845566002229,
VP01348,อภิชัย,อภิชัย,,,,
VP01349,ชวลิต เข็มศิริ,ชวลิต,เข็มศิริ,,,086-8585-674
VP01350,คุณกิ้,คุณกิ้,,,,084-3304-040
VP01351,น.ส.นภาวรรณ ถานัน,น.ส.นภาวรรณ,ถานัน,170 ม.8 ต.ปากคาด อ.ปากคาด บึงกาฬ,1431000175388,
VP01352,จิตสุภา เจริญพันธ์,จิตสุภา,เจริญพันธ์,,,096-0673-804
VP01353,ชณัฐษิกาญจน์ สิงห์ทอง,ชณัฐษิกาญจน์,สิงห์ทอง,,,098-8398-854
VP01354,คุณอ้น,คุณอ้น,,,,
VP01355,บริษัท แพลน บี มีเดีย จำกัด (มหาชน),บริษัท แพลน บี มีเดีย จำกัด (มหาชน),,1700 อาคารแพลน บี ทาวเวอร์ ถนนเพชรบุรีตัดใหม่ แขวงมักกะสัน เขตราชเทวี กรุงเทพมหานคร 10400,10755-6000-507,
VP01356,บริษัท ดีเคเอสเอช (ประเทศไทย) จำกัด,บริษัท ดีเคเอสเอช (ประเทศไทย) จำกัด,,2533 ถนนสุขุมวิท แขวงบางจาก เขตพระโขนง กรุงเทพมหานคร 10260,105523002118,
VP01357,รภน้ำส้ม,รภน้ำส้ม,,,,
VP01358,บริษัท มนต์ทรานสปอร์ต จำกัด,บริษัท มนต์ทรานสปอร์ต จำกัด,,9/111 อาคารยูเอ็มทาวเวอร์ ชั้น 11 ถนนรามคำแหง แขวงสวนหลวง เขตสวนหลวง กรุงเทพมหานคร 10250,10553-9030-507,
VP01359,คุณสิทธิ์,คุณสิทธิ์,,,,065-0786-675
VP01360,ณัชพล สุทธิโสรณ,ณัชพล,สุทธิโสรณ,,,080-1589-565
VP01361,ฟ้า,ฟ้า,,,,080-1805-376
VP01362,ปองทิพย์ สุขเป้ง,ปองทิพย์,สุขเป้ง,,,097-2986-683
VP01363,มนต์เทียน  ช่างเตี้ย,มนต์เทียน, ช่างเตี้ย,,,
VP01364,ชลิต,ชลิต,,,,093-1628-669
VP01365,บริษัท สยาม ไฮเอท เทคโนโลยี จำกัด,บริษัท สยาม ไฮเอท เทคโนโลยี จำกัด,,98/24 หมู่ที่ 11 ซอยแฟคตอรี่แลนด์ 2 ถนนพุทธมณฑลสาย 5 ตำบลไร่ขิง อำเภอสามพราน จ.นครปฐม 73210,205548026478,
VP01366,เอกชัย จินมา,เอกชัย,จินมา,,,098-3314-342
VP01367,บริษัท พีรพัฒน์ เทคโนโลยี จำกัด (มหาชน),บริษัท พีรพัฒน์ เทคโนโลยี จำกัด (มหาชน),,406 ถนนรัชดาภิเษก แขวงสามเสนนอก เขตห้วยขวาง กรุงเทพมหานคร 10310,107551000231,
VP01368,ทวีทรัพย์ ไตรณรงค์,ทวีทรัพย์,ไตรณรงค์,,,080-9918-816
VP01369,บริษัท สหชัย (ประเทศไทย) จำกัด,บริษัท สหชัย (ประเทศไทย) จำกัด,,6/55 หมู่ที่ 5 ตำบลลาดสวาย อำเภอลำลูกกา จ.ปทุมธานี 12150,135557010539,
VP01370,บริษัท ผกาวรรณ เทรดดิ้ง จำกัด,บริษัท ผกาวรรณ เทรดดิ้ง จำกัด,,505 หมู่ที่ 1 ตำบลหนองนาคำ อำเภอเมืองอุดรธานี จ.อุดรธานี 41000,415554000955,
VP01371,บริษัท เอส ซี เค คอนสตรัคชั่นแอนด์เอ็นจิเนียริ่ง จำกัด,บริษัท เอส ซี เค คอนสตรัคชั่นแอนด์เอ็นจิเนียริ่ง จำกัด,,95/91 ถนนสุวินทวงศ์ แขวงมีนบุรี เขตมีนบุรี กรุงเทพมหานคร 10510,115556014913,
VP01372,บริษัท ทีเคซี ไพรม์ ไทร์ จำกัด,บริษัท ทีเคซี ไพรม์ ไทร์ จำกัด,,222 หมู่ที่ 15 ถนนพิศาลสารกิจ ตำบลพันดอน อำเภอกุมภวาปี จ.อุดรธานี 41370,415558001425,
VP01373,สวภณ วงศ์กองแก้ว,สวภณ,วงศ์กองแก้ว,,,062-6455-832
VP01374,ร.ต.ท. สุรพล ถาวงศ์พันธ์,ร.ต.ท. สุรพล,ถาวงศ์พันธ์,,,095-2362-066
VP01375,บริษัท แอสเซนด์ กรุ๊ป จำกัด,บริษัท แอสเซนด์ กรุ๊ป จำกัด,,101 ทรู ดิจิทัล พาร์ค อาคารฟีนิกซ์ ชั้น 9-10 ถนนสุขุมวิท แขวงบางจาก เขตพระโขนง กรุงเทพมหานคร 10260,105558096445,
VP01376,สนธยา สุดาทิพย์,สนธยา,สุดาทิพย์,,,080-8192-542
VP01377,บริษัท เอฟเวอเรสท์ เท็กซ์ไทล์ (ประเทศไทย) จำกัด,บริษัท เอฟเวอเรสท์ เท็กซ์ไทล์ (ประเทศไทย) จำกัด,,898 อาคารเพลินจิตทาวเวอร์ ชั้น 13 ถนนเพลินจิต แขวงลุมพินี เขตปทุมวัน กรุงเทพมหานคร 10330,705541000266,
VP01378,วิทยาลัยเทคนิค  จ.หนองคาย,วิทยาลัยเทคนิค ,จ.หนองคาย,,,062-9614-917
VP01379,คุณประเวศ สาดี,คุณประเวศ,สาดี,,,062-1461-060
VP01380,มนตรี สุทธิเมทากุล,มนตรี,สุทธิเมทากุล,,,
VP01381,บริษัท น้ำจิ้มคุณนิด จำกัด,บริษัท น้ำจิ้มคุณนิด จำกัด,,201/1 ถนนนเรศวร ตำบลหมากแข้ง อำเภอเมืองอุดรธานี จ.อุดรธานี 41000,415550000357,
VP01382,บริษัท ธนวรรธน์การค้า จำกัด,บริษัท ธนวรรธน์การค้า จำกัด,,45/6 ถนนอัษฎาธร ตำบลศรีภูมิ อำเภอเมืองเชียงใหม่ จ.เชียงใหม่ 50200,505554001624,
VP01383,ชาญชัย,ชาญชัย,,,,099-6175-516
VP01384,ฉัตรชัย มุกตรี,ฉัตรชัย,มุกตรี,,,095-8812-569
VP01385,บริษัท เวิลด์ ฟูดส์ อินเตอร์เนชั่นแนล จำกัด,บริษัท เวิลด์ ฟูดส์ อินเตอร์เนชั่นแนล จำกัด,,60/2 หมู่ที่ 7 ซอยสินประสงค์ ถนนเพชรเกษม ตำบลอ้อมน้อย อำเภอกระทุ่มแบน จ.สมุทรสาคร 74130,745537000800,
VP01386,บริษัท เอสซีเค มอเตอร์ พาร์ท จำกัด,บริษัท เอสซีเค มอเตอร์ พาร์ท จำกัด,,4 ซอยเพชรเกษม 51 แขวงหลักสอง เขตบางแค กรุงเทพมหานคร 10160,105536026878,
VP01387,บริษัท ไฮไฟ โอเรียนท์ ไทย จำกัด (มหาชน),บริษัท ไฮไฟ โอเรียนท์ ไทย จำกัด (มหาชน),,83/161-162 ซอยงามวงศ์วาน 47 (ชินเขต 2) แขวงทุ่งสองห้อง เขตหลักสี่ กรุงเทพมหานคร 10210,107551000053,
VP01388,ร้านใบหยก ค้าข้าว,ร้านใบหยก ค้าข้าว,,,,062-5613-164
VP01389,ประเวส  สาดี,ประเวส, สาดี,,,
VP01390,คุณเมย์,คุณเมย์,,,,
VP01391,หนูนา,หนูนา,,,,
VP01392,อนุวัฒน์,อนุวัฒน์,,,,083-9567-448
VP01393,วิทยาลัยเทคนิค  จ. เลย,วิทยาลัยเทคนิค, จ. เลย,,,
VP01394,คุณสุกิต,คุณสุกิต,,,,
VP01395,วิทยาลัยอาชีวะ  จ.อุดรธานี,วิทยาลัยอาชีวะ, จ.อุดรธานี,,,
VP01396,ภัทรากร แก้วศิริ,ภัทรากร,แก้วศิริ,,,062-8736-944
VP01397,คุณพลอย,คุณพลอย,,,,095-2411-669
VP01398,บริษัท ศิเทค จำกัด,บริษัท ศิเทค จำกัด,,30 ซอยกรุงเทพกรีฑา 20 แขวงทับช้าง เขตสะพานสูง กรุงเทพมหานคร 10250,105533129722,
VP01399,บริษัท วรรณธน ดี.ซี จำกัด,บริษัท วรรณธน ดี.ซี จำกัด,,25/1 หมู่ที่ 3 ตำบลหนองบัว อำเภอเมืองอุดรธานี จ.อุดรธานี 41000,415566003504,
VP01400,ห้างหุ้นส่วนจำกัด วุฒิโชคเทรดดิ้ง,ห้างหุ้นส่วนจำกัด วุฒิโชคเทรดดิ้ง,,317 ซอยรัตนาธิเบศร์ 38 ตำบลบางกระสอ อำเภอเมืองนนทบุรี จังหวัดนนทบุรี 11000,123561002420,
VP01401,นิทาวดี,นิทาวดี,,,,095-6630-058
VP01402,เกรียงไกร,เกรียงไกร,,,,083-2414-975
VP01403,อธิชา น้อยอามาต์ย,อธิชา,น้อยอามาต์ย,,,093-1628-669
VP01404,มาดัน สิงห์,มาดัน,สิงห์,,,086-7963-129
VP01405,ลุงวร,ลุงวร,,,,062-4635-168
VP01406,คุณน้ำ,คุณน้ำ,,,,092-3186-289
VP01407,คุณณัฐพล,คุณณัฐพล,,,,086-5331-517
VP01408,บริษัท ไพโอเนียร์ พรีซิสชั่น จำกัด,บริษัท ไพโอเนียร์ พรีซิสชั่น จำกัด,,50/12 หมู่ที่ 4 ตำบลบ้านใหม่ อำเภอบางใหญ่ จ.นนทบุรี 11140,125554018466,
VP01409,สมุนไพรเจ๊ซิ๊ม,สมุนไพรเจ๊ซิ๊ม,,,,084-3033-740
VP01410,นฤมล,นฤมล,,,,081-4866-156
VP01411,บิ๊กวัน,บิ๊กวัน,,,,088-5554-628
VP01412,เจต,เจต,,,,064-6270-963
VP01413,มยุวดี,มยุวดี,,,,061-3364-025
VP01414,บริษัท ทีชเทค จำกัด,บริษัท ทีชเทค จำกัด,,109/110-111 ซอยซอยนวมินทร์ 74 แยก 3 ถนนนวมินทร์ แขวงคลองกุ่ม เขตบึงกุ่ม กรุงเทพมหานคร,105550005858,
VP01415,กิตติพัฒน์,กิตติพัฒน์,,,,063-205-6294
VP01416,เทพรัชชัย เจริญทิศ,เทพรัชชัย,เจริญทิศ,,,088-8740-569
VP01417,จิรายุ,จิรายุ,,,,094-6144-325
VP01418,นวพล,นวพล,,,,098-9866-873
VP01419,ตามนต์,ตามนต์,,,,
VP01420,วรการต์,วรการต์,,,,082-2570-894
VP01421,มารุต,มารุต,,,,089-9121-739
VP01422,คุณติ๊ก,คุณติ๊ก,,,,
VP01423,อินดา,อินดา,,,,091-2293-979
VP01424,บุญคุ้ม,บุญคุ้ม,,,,
VP01425,สมพงษ์,สมพงษ์,,,,099-6455-686
VP01426,บริษัท เค.พี.เอส จำกัด,บริษัท เค.พี.เอส จำกัด,,88 หมู่ที่ 8 ตำบลทรงธรรม อำเภอเมืองกำแพงเพชร จ.กำแพงเพชร 62000,625550000118,
VP01427,ภัคจิรา กุมผล,ภัคจิรา,กุมผล,,,085-7478-427
VP01428,ศาสวัต อ้วนอินทร์,ศาสวัต,อ้วนอินทร์,,,092-9927-666
VP01429,พิเชฐ,พิเชฐ,,,,085-3037-501
VP01430,โกเมศ,โกเมศ,,,,082-5494-611
VP01431,ชริตา,ชริตา,,,,083-8814-886
VP01432,ทิติ,ทิติ,,,,093-4074-048
VP01433,จิระศักดิ์,จิระศักดิ์,,,,
VP01434,ห้างหุ้นส่วนจำกัด เอส.ที.สเป็ค,ห้างหุ้นส่วนจำกัด เอส.ที.สเป็ค,,15 ซอยนาคนิวาส 45 ถนนนาคนิวาส แขวงลาดพร้าว เขตลาดพร้าว กรุงเทพมหานคร 10230,103531012478,
VP01435,ธัญมน,ธัญมน,,,,061-0702-482
VP01436,ชีโร,ชีโร,,,,
VP01437,เจษฎา,เจษฎา,,,,
VP01438,คุณเมษา,คุณเมษา,,,,
VP01439,พิชิช,พิชิช,,,,
VP01440,สุวิทย์,สุวิทย์,,,,093-1625-588
VP01441,วิชัยยุทธ์,วิชัยยุทธ์,,,,087-9781-098
VP01442,คุณโค๊ช,คุณโค๊ช,,,,081-9626-145
VP01443,คุณจุฑา,คุณจุฑา,,,,064-8173-770
VP01444,จีรศักดิ์,จีรศักดิ์,,,,095-5364-576
VP01445,วรพร,วรพร,,,,085-5400-552
VP01446,นายธัญญารัตน์,นายธัญญารัตน์,,,,082-0698-116
VP01447,ธีรพงษ์ สนองเดช,ธีรพงษ์,สนองเดช,,,062-9419-155
VP01448,ตรียากร,ตรียากร,,,,096-7843-811
VP01449,ลุงสุพจน์,ลุงสุพจน์,,,,
VP01450,ชินดนัย,ชินดนัย,,,,064-3963-521
VP01451,คุณนุ้ย,คุณนุ้ย,,,,087-7426-778
VP01452,ครูแอ๋ว,ครูแอ๋ว,,,,
VP01453,ธนเดช,ธนเดช,,,,089-8621-739
VP01454,นายแสงจันทร์ โพธิ์คำพก,นายแสงจันทร์,โพธิ์คำพก,,,087-9068-863
VP01455,นาย สุทธิ์พงษ์ พรรษา,นาย สุทธิ์พงษ์,พรรษา,,,061-8994-796
VP01456,ศิริลัดดา,ศิริลัดดา,,,,
VP01457,เอกชัย,เอกชัย,,,,095-6630-055
VP01458,ปริวัตร ภักดีแก้ว,ปริวัตร,ภักดีแก้ว,,,098-12746-186
VP01459,จุฑาทิพย์ พารโท,จุฑาทิพย์,พารโท,,,098-1624-850
VP01460,พิมรภัชร,พิมรภัชร,,,,095-5594-900
VP01461,นันทิพร,นันทิพร,,,,081-1259-283
VP01462,นิวัชร์,นิวัชร์,,,,081-8722-434
VP01463,กรมพัฒนาฝีมือแรงงาน,กรมพัฒนาฝีมือแรงงาน,,,,
VP01464,ทองศักดิ์,ทองศักดิ์,,,,096-9705-633
VP01465,นรินทร์,นรินทร์,,,,082-6417-213
VP01466,พัฒนพงษ์,พัฒนพงษ์,,,,095-7538-038
VP01467,อรอุมา,อรอุมา,,,,084-0259-701
VP01468,ปิยมาศ,ปิยมาศ,,,,061-4831-749
VP01469,ธนพล,ธนพล,,,,081-5064-081
VP01470,เมธาพร,เมธาพร,,,,084-4784-918
VP01471,ภูรินทร์,ภูรินทร์,,,,099-4102-494
VP01472,สุชาวดี,สุชาวดี,,,,093-2645-318
VP01473,นันทชัย,นันทชัย,,,,
VP01474,สายทอง ภูแล,สายทอง,ภูแล,,,095-4831-035
VP01475,พรหมรัตน์ อิสสระพงษ์,พรหมรัตน์,อิสสระพงษ์,,,
VP01476,ณรงภัทร,ณรงภัทร,,,,
VP01477,อุรัสยา อไร,อุรัสยา,อไร,,,090-2268-966
VP01478,รุ่งฤดี ไทยะวัฒน์,รุ่งฤดี,ไทยะวัฒน์,,,098-3605-386
VP01479,อำพร,อำพร,,,,085-1289-539
VP01480,อาคม,อาคม,,,,084-3912-828
VP01481,เอกมิวสิก,เอกมิวสิก,,,,090-323-1876
VP01482,ณัชพล,ณัชพล,,,,085-4840-614
VP01483,วรากานญ์,วรากานญ์,,,3471201015392,082-2570-894
VP01484,อภิรัตน์,อภิรัตน์,,,,
VP01485,สุทธิพงษ์,สุทธิพงษ์,,,,062-0418-821
VP01486,วัฒน์,วัฒน์,,,,081-8724-322
VP01487,จักรภัทร,จักรภัทร,,,,064-9415-265
VP01488,ประรินทร์,ประรินทร์,,,,096-6855-964
VP01489,ศุภกิตติ์ แผ่นทอง,ศุภกิตติ์,แผ่นทอง,,,092-5681-864
VP01490,บริโภคไทย,บริโภคไทย,,,,093-324-9754
VP01491,สงกรานณ์,สงกรานณ์,,,,092-2658-168
VP01492,คนึงนิตย์,คนึงนิตย์,,,,081-0792-659
VP01493,ภานุพงศ์ ภักดีวุฒิ,ภานุพงศ์,ภักดีวุฒิ,,,098-8531-521
VP01494,กองสี เทพนวน,กองสี,เทพนวน,,,081-4688-739
VP01495,ยุวดี,ยุวดี ,,,,085-4646-667
VP01496,นพรัตน์,นพรัตน์,,,,093-4688-739
VP01497,วัฒนา เปาวะนา,วัฒนา,เปาวะนา,,,087-8074-802
VP01498,เชศฐ,เชศฐ,,,,084-9344-894
VP01499,วรวัฒน์ เคลือบสูงเนิน,วรวัฒน์,เคลือบสูงเนิน,จ.บุรีรัมย์ อ.ประโคนชัย ต.ไพต่อ เลขที่ 80 ม.14,1320500230027,090-6138-276
VP01500,ลลิดา วรรณกูล,ลลิดา,วรรณกูล,,,064-3364-637
VP01501,จารุวรณ เสนาวงศ์,จารุวรณ,เสนาวงศ์,,,094-3701-199
VP01502,อาทิตย์ กลางสุไพธิ์,อาทิตย์,กลางสุไพธิ์,,,098-4311-900
VP01503,ออฟฟี่,ออฟฟี่,,,,061-6613-511
VP01504,การยาง,การยาง,,,,
VP01505,น้ำ,น้ำ,,,,082-2438-902
VP01506,ยศธร,ยศธร,,,,093-3561-060
VP01507,พันนิตา สุมาดง,พันนิตา,สุมาดง,,,062-3311-611
VP01508,เฉลิมศักดิ์,เฉลิมศักดิ์,,,,098-2622-609
VP01509,คณะมาร่วมงานศพ,คณะมาร่วมงานศพ,,,,
VP01510,นนธวัช,นนธวัช,,,,084-1793-723
VP01511,พรรศิรคล มากุล,พรรศิรคล,มากุล,,,063-1508-917
VP01512,ทนงชัย,ทนงชัย,,,,082-1386-739
VP01513,วิริยะ,วิริยะ,,,,097-0151-712
VP01514,ธีรภัทร,ธีรภัทร,,,,089-0495-361
VP01515,บ่าวมิตรสกล,บ่าวมิตรสกล,,,,082-8004-147
VP01516,อานิตชา อิ่มพูล,อานิตชา,อิ่มพูล,จ.บึงกาฬ อ.เมือง บ้านเลขที่ 11,1909802884545,065-8450-788
VP01517,จิรกาส เทียนอิน,จิรกาส,เทียนอิน,,,082-5691-223
VP01518,กิตติพงศ์ นาฮี,กิตติพงศ์,นาฮี,,,064-1716-148
VP01519,ปัญทรัพย์,ปัญทรัพย์,,,,080-4257-035
VP01520,รพินทร์,รพินทร์,,,,082-6417-213
VP01521,ชัชพันธ์ ชาดี,ชัชพันธ์,ชาดี,,,099-7156-879
VP01522,คุณ แลง,คุณ แลง,,,,083-2389-113
VP01523,จุฬาลักษ์,จุฬาลักษ์,,,,063-4452-316
VP01524,บารเมชัฐ,บารเมชัฐ,,,,061-7939-107
VP01525,อนันต์ ทองสีมา,อนันต์,ทองสีมา,,,062-7939-107
VP01526,ค้าอุปกณ์ยานยนต์,ค้าอุปกณ์ยานยนต์,,,,
VP01527,ธนากร,ธนากร,,,,081-9883-054
VP01528,นัชวัฒน์,นัชวัฒน์,,,,097-2704-070
VP01529,วาณิชกร,วาณิชกร,,,,099-6864-837
VP01530,ภุสพงษ์,ภุสพงษ์,,,,098-2355-158
VP01531,ศิริกมล พลเยี่ยม,ศิริกมล,พลเยี่ยม,,,094-425-969
VP01532,ว่าที่ ร.ต. ชายมงคล,ว่าที่ ร.ต. ชายมงคล,,,,064-1172-945
VP01533,คุณแท็ก,คุณแท็ก,,,,
VP01534,คุณมมนต์ชัย,คุณมมนต์ชัย,,,,061-9949-496
VP01535,ธิติภา,ธิติภา,,,,064-035-1274
VP01536,สมหวัง,สมหวัง,,,,081-717-4394
VP01537,ณัฐพงษ์,ณัฐพงษ์,,,,
VP01538,สยามร่วมมิตร,สยามร่วมมิตร,,,,061-363-2244
VP01539,วีระยุทธ,วีระยุทธ,,,,093-572-9746
VP01540,ฐิตารีย์,ฐิตารีย์,,,,093-456-6364
VP01541,สุพัตรา กองทอง,สุพัตรา,กองทอง,,,063-391-9631
VP01542,ภิรมย์ศักดิ์ สุขะ,ภิรมย์ศักดิ์,สุขะ,,,098-961-9429
VP01543,ผุ้พัน,ผุ้พัน,,,,064-045-0828
VP01544,คนอง หนวดตีบ,คนอง,หนวดตีบ,,,065-579-9833
VP01545,บิ๊กสตาร์,บิ๊กสตาร์,,,,084-265-5547
VP01546,คุณสุพจน์,คุณสุพจน์,,,,084-792-4215
VP01547,สายันต์,สายันต์,,,,089-843-9144
VP01548,พีระศักดิ์,พีระศักดิ์,,,,065-496-5625
VP01549,เอกวัฒน์,เอกวัฒน์,,,,
VP01550,เพรชรัตน์,เพรชรัตน์,,,,097-119-7316
VP01551,อดิศร,อดิศร,,,,
VP01552,อลิสา,อลิสา,,,,
VP01553,คูณจูน,คูณจูน,,,,
VP01554,สัญญา,สัญญา,,,,088-313-4564
VP01555,แพรวนภา,แพรวนภา,,,,095-784-1539
VP01556,อาหารไทย,อาหารไทย,,,,099-449-3287
VP01557,ปุณญวิช,ปุณญวิช,,,,093-474-3923
VP01558,จีรัชญาดา,จีรัชญาดา,,,,
VP01559,โทนี่,โทนี่,,,,064-171-6148
VP01560,สุรชัย,สุรชัย,,,,093-824-2632
VP01561,นที แก้วกมลรัตน์,นที,แก้วกมลรัตน์,,,063-412-1347
VP01562,มถุวดี,มถุวดี,,,,061-336-4025
VP01563,ณชิตา,ณชิตา,,,,063-724-4305
VP01564,วุฒิกร,วุฒิกร,,,,096-486-2089
VP01565,ธัชพันธุ์ สุวะ,ธัชพันธุ์,สุวะ,,,061-213-4169
VP01566,ดุริยะ,ดุริยะ,,,,
VP01567,เอกรินทร์,เอกรินทร์,,,,
VP01568,วาสนา,วาสนา,,,,098-534-1312
VP01569,บริษัท เอ็มจี เมดิคอล กรุ๊ป จำกัด,บริษัท เอ็มจี เมดิคอล กรุ๊ป จำกัด,,99/192 ซอยกรุงเทพกรีฑา39 แขวงทับช้าง เขตสะพานสูง กรุงเทพมหานคร 10250,105560069727,
VP01570,สำเริง,สำเริง,,,,
VP01571,ปรีชญา,ปรีชญา,,,,063-052-0107
VP01572,สถาพร,สถาพร,,,,090-221-2400
VP01573,สิทธิโชค เดชเสน,สิทธิโชค,เดชเสน,,,095-158-3277
VP01574,กษิรา ศรีเชียงขาว,กษิรา,ศรีเชียงขาว,,,080-462-6375
VP01575,เมฆ บริบูรณ์,เมฆ,บริบูรณ์,,,086-885-2927
VP01576,วงษ์กรต ศรีสุพรรณ,วงษ์กรต,ศรีสุพรรณ,,,090-660-1144
VP01577,วรรณิศา วัฒนกุล,วรรณิศา,วัฒนกุล,88 หมู่ 4 ต.โพธิ์หมากแข้ง อ.ศรีวิไล จ.บึงกาฬ,5354419589674,089-7429992
VP01578,สุริยา คำแสน,สุริยา,คำแสน,45/3 ต.บึงโขงหลง อ.บึงโขงหลง จ.บึงกาฬ,1863615486608,084-5847792
VP01579,กิตติศักดิ์ พงษ์ไพบูลย์,กิตติศักดิ์,พงษ์ไพบูลย์,99/1 หมู่ 1 ต.หนองเดิ่น อ.บุ่งคล้า จ.บึงกาฬ,9253448169057,083-3186295
VP01580,กิตติศักดิ์ แสงทอง,กิตติศักดิ์,แสงทอง,99/1 หมู่ 1 ต.หนองเดิ่น อ.บุ่งคล้า จ.บึงกาฬ,8441068113149,082-5511484
VP01581,ณัฐพล สายชล,ณัฐพล,สายชล,12/7 ต.วิศิษฐ์ อ.เมือง จ.บึงกาฬ,6752630941777,082-6166694
VP01582,อธิวัฒน์ โพธิ์ชัย,อธิวัฒน์,โพธิ์ชัย,12/7 ต.วิศิษฐ์ อ.เมือง จ.บึงกาฬ,8960220051996,088-7341691
VP01583,อธิวัฒน์ คำแสน,อธิวัฒน์,คำแสน,123 หมู่ 5 ต.บึงกาฬ อ.เมืองบึงกาฬ จ.บึงกาฬ,6977084232070,086-1398572
VP01584,วรรณิศา เรืองศรี,วรรณิศา,เรืองศรี,12/7 ต.วิศิษฐ์ อ.เมือง จ.บึงกาฬ,2818016738566,088-4123322
VP01585,ธัญชนก สายชล,ธัญชนก,สายชล,123 หมู่ 5 ต.บึงกาฬ อ.เมืองบึงกาฬ จ.บึงกาฬ,9174776962683,087-7775793
VP01586,มนัสนันท์ ทองสิงห์,มนัสนันท์,ทองสิงห์,12/7 ต.วิศิษฐ์ อ.เมือง จ.บึงกาฬ,9733082526708,085-1249542
VP01587,รัตนา ศรีมหา,รัตนา,ศรีมหา,88 หมู่ 4 ต.โพธิ์หมากแข้ง อ.ศรีวิไล จ.บึงกาฬ,8124817347606,083-9486387
VP01588,รัตนา มีสุข,รัตนา,มีสุข,12/7 ต.วิศิษฐ์ อ.เมือง จ.บึงกาฬ,9802052070345,088-1441780
VP01589,อาทิตยา ใจดี,อาทิตยา,ใจดี,45/3 ต.บึงโขงหลง อ.บึงโขงหลง จ.บึงกาฬ,8495911528325,083-5373743
VP01590,จักรพงษ์ กล้าหาญ,จักรพงษ์,กล้าหาญ,123 หมู่ 5 ต.บึงกาฬ อ.เมืองบึงกาฬ จ.บึงกาฬ,6986734519446,081-4054610
VP01591,สิทธิโชค อินทรวงศ์,สิทธิโชค,อินทรวงศ์,123 หมู่ 5 ต.บึงกาฬ อ.เมืองบึงกาฬ จ.บึงกาฬ,2865119518419,084-3463879
VP01592,ภูวดล ศรีมหา,ภูวดล,ศรีมหา,99/1 หมู่ 1 ต.หนองเดิ่น อ.บุ่งคล้า จ.บึงกาฬ,6269199654050,081-8462526
VP01593,ณัฐพล คำแสน,ณัฐพล,คำแสน,99/1 หมู่ 1 ต.หนองเดิ่น อ.บุ่งคล้า จ.บึงกาฬ,3301139141788,088-2982325
VP01594,สุริยา รุ่งเรือง,สุริยา,รุ่งเรือง,45/3 ต.บึงโขงหลง อ.บึงโขงหลง จ.บึงกาฬ,4020267568813,081-4761013
VP01595,วรรณิศา พงษ์ไพบูลย์,วรรณิศา,พงษ์ไพบูลย์,88 หมู่ 4 ต.โพธิ์หมากแข้ง อ.ศรีวิไล จ.บึงกาฬ,2357852758253,083-3275362
VP01596,สุริยา ศรีมหา,สุริยา,ศรีมหา,45/3 ต.บึงโขงหลง อ.บึงโขงหลง จ.บึงกาฬ,3399294294108,087-8454723
VP01597,ชยพล สุขสม,ชยพล,สุขสม,123 หมู่ 5 ต.บึงกาฬ อ.เมืองบึงกาฬ จ.บึงกาฬ,6736857322934,083-5747025
VP01598,อาทิตยา พงษ์ไพบูลย์,อาทิตยา,พงษ์ไพบูลย์,123 หมู่ 5 ต.บึงกาฬ อ.เมืองบึงกาฬ จ.บึงกาฬ,7270475899904,086-9331110
VP01599,ภูวดล พงษ์ไพบูลย์,ภูวดล,พงษ์ไพบูลย์,88 หมู่ 4 ต.โพธิ์หมากแข้ง อ.ศรีวิไล จ.บึงกาฬ,1051871687522,083-7963927
VP01600,ภูวดล มีสุข,ภูวดล,มีสุข,45/3 ต.บึงโขงหลง อ.บึงโขงหลง จ.บึงกาฬ,7438414107891,088-1489871
VP01601,รัตนา คำแสน,รัตนา,คำแสน,12/7 ต.วิศิษฐ์ อ.เมือง จ.บึงกาฬ,8102568371498,087-2844664
VP01602,ประเสริฐ โพธิ์ชัย,ประเสริฐ,โพธิ์ชัย,99/1 หมู่ 1 ต.หนองเดิ่น อ.บุ่งคล้า จ.บึงกาฬ,1774808059486,085-9019159
VP01603,ชยพล วัฒนกุล,ชยพล,วัฒนกุล,99/1 หมู่ 1 ต.หนองเดิ่น อ.บุ่งคล้า จ.บึงกาฬ,2320793392462,083-9163226
VP01604,ภูวดล ใจดี,ภูวดล,ใจดี,45/3 ต.บึงโขงหลง อ.บึงโขงหลง จ.บึงกาฬ,9083672706118,088-1346501
VP01605,ประเสริฐ แสงทอง,ประเสริฐ,แสงทอง,12/7 ต.วิศิษฐ์ อ.เมือง จ.บึงกาฬ,2310153923828,080-6253253
VP01606,ภูวดล วัฒนกุล,ภูวดล,วัฒนกุล,123 หมู่ 5 ต.บึงกาฬ อ.เมืองบึงกาฬ จ.บึงกาฬ,8848316044749,087-4825689
VP01607,ธัญชนก กล้าหาญ,ธัญชนก,กล้าหาญ,45/3 ต.บึงโขงหลง อ.บึงโขงหลง จ.บึงกาฬ,2817632208305,089-3680464
VP01608,อธิวัฒน์ วัฒนกุล,อธิวัฒน์,วัฒนกุล,88 หมู่ 4 ต.โพธิ์หมากแข้ง อ.ศรีวิไล จ.บึงกาฬ,5172030043930,088-8243407
VP01609,กัลยารัตน์ ใจดี,กัลยารัตน์,ใจดี,88 หมู่ 4 ต.โพธิ์หมากแข้ง อ.ศรีวิไล จ.บึงกาฬ,6216905103710,081-8284272
VP01610,ณัฐพล รุ่งเรือง,ณัฐพล,รุ่งเรือง,12/7 ต.วิศิษฐ์ อ.เมือง จ.บึงกาฬ,8817961503861,089-9540214
VP01611,อารยา สุขสม,อารยา,สุขสม,12/7 ต.วิศิษฐ์ อ.เมือง จ.บึงกาฬ,4093520384568,089-6140271
VP01612,รัตนา อินทรวงศ์,รัตนา,อินทรวงศ์,123 หมู่ 5 ต.บึงกาฬ อ.เมืองบึงกาฬ จ.บึงกาฬ,830121480929,082-2679374
VP01613,นิภาพร กล้าหาญ,นิภาพร,กล้าหาญ,88 หมู่ 4 ต.โพธิ์หมากแข้ง อ.ศรีวิไล จ.บึงกาฬ,2087926469804,080-6318559
VP01614,ประเสริฐ เรืองศรี,ประเสริฐ,เรืองศรี,99/1 หมู่ 1 ต.หนองเดิ่น อ.บุ่งคล้า จ.บึงกาฬ,7490376361409,087-2316086
VP01615,ภูวดล ศรีจันทร์,ภูวดล,ศรีจันทร์,99/1 หมู่ 1 ต.หนองเดิ่น อ.บุ่งคล้า จ.บึงกาฬ,3367647768122,087-3241695
VP01616,ภูวดล เรืองศรี,ภูวดล,เรืองศรี,45/3 ต.บึงโขงหลง อ.บึงโขงหลง จ.บึงกาฬ,3223471425442,088-5241431
VP01617,ยุพา แก้วใส,ยุพา,แก้วใส,12/7 ต.วิศิษฐ์ อ.เมือง จ.บึงกาฬ,6928881710697,089-7341600
VP01618,ชัยวัฒน์ แสงทอง,ชัยวัฒน์,แสงทอง,99/1 หมู่ 1 ต.หนองเดิ่น อ.บุ่งคล้า จ.บึงกาฬ,7193167229684,086-2553247
VP01619,สุริยา พานทอง,สุริยา,พานทอง,99/1 หมู่ 1 ต.หนองเดิ่น อ.บุ่งคล้า จ.บึงกาฬ,7168550623404,089-9802917
VP01620,สุริยา ใจดี,สุริยา,ใจดี,99/1 หมู่ 1 ต.หนองเดิ่น อ.บุ่งคล้า จ.บึงกาฬ,2809609011816,089-6328418
VP01621,อาทิตยา รัตนพร,อาทิตยา,รัตนพร,123 หมู่ 5 ต.บึงกาฬ อ.เมืองบึงกาฬ จ.บึงกาฬ,5536014716727,083-4007516
VP01622,กัลยารัตน์ ศรีจันทร์,กัลยารัตน์,ศรีจันทร์,99/1 หมู่ 1 ต.หนองเดิ่น อ.บุ่งคล้า จ.บึงกาฬ,5977989136118,081-5838763
VP01623,มนัสนันท์ พานทอง,มนัสนันท์,พานทอง,88 หมู่ 4 ต.โพธิ์หมากแข้ง อ.ศรีวิไล จ.บึงกาฬ,2003100722258,087-1808201
VP01624,สิทธิโชค ศรีจันทร์,สิทธิโชค,ศรีจันทร์,99/1 หมู่ 1 ต.หนองเดิ่น อ.บุ่งคล้า จ.บึงกาฬ,9623178779906,083-3102941
VP01625,อาทิตยา เรืองศรี,อาทิตยา,เรืองศรี,99/1 หมู่ 1 ต.หนองเดิ่น อ.บุ่งคล้า จ.บึงกาฬ,3021456882801,082-9604494
VP01626,ชยพล ศรีจันทร์,ชยพล,ศรีจันทร์,12/7 ต.วิศิษฐ์ อ.เมือง จ.บึงกาฬ,8455478876840,087-9664510
VP01627,อธิวัฒน์ แก้วใส,อธิวัฒน์,แก้วใส,123 หมู่ 5 ต.บึงกาฬ อ.เมืองบึงกาฬ จ.บึงกาฬ,106421890030,083-1290420
VP01628,นิภาพร ใจดี,นิภาพร,ใจดี,88 หมู่ 4 ต.โพธิ์หมากแข้ง อ.ศรีวิไล จ.บึงกาฬ,4973543657794,087-2759934
VP01629,จักรพงษ์ โพธิ์ชัย,จักรพงษ์,โพธิ์ชัย,123 หมู่ 5 ต.บึงกาฬ อ.เมืองบึงกาฬ จ.บึงกาฬ,2069305590053,088-7290833
VP01630,สิทธิโชค มีสุข,สิทธิโชค,มีสุข,12/7 ต.วิศิษฐ์ อ.เมือง จ.บึงกาฬ,2878515702987,082-7229565
VP01631,รัตนา บุญทวี,รัตนา,บุญทวี,45/3 ต.บึงโขงหลง อ.บึงโขงหลง จ.บึงกาฬ,2301506968216,080-3051753
VP01632,ณัฐพล แก้วใส,ณัฐพล,แก้วใส,123 หมู่ 5 ต.บึงกาฬ อ.เมืองบึงกาฬ จ.บึงกาฬ,5489326700512,083-8266616
VP01633,อธิวัฒน์ ศรีจันทร์,อธิวัฒน์,ศรีจันทร์,88 หมู่ 4 ต.โพธิ์หมากแข้ง อ.ศรีวิไล จ.บึงกาฬ,9648917919981,088-9599725
VP01634,กัลยารัตน์ อินทรวงศ์,กัลยารัตน์,อินทรวงศ์,45/3 ต.บึงโขงหลง อ.บึงโขงหลง จ.บึงกาฬ,9856476565302,088-8934133
VP01635,กิตติศักดิ์ บุญทวี,กิตติศักดิ์,บุญทวี,88 หมู่ 4 ต.โพธิ์หมากแข้ง อ.ศรีวิไล จ.บึงกาฬ,2576229847440,089-4032206
VP01636,วรรณิศา พานทอง,วรรณิศา,พานทอง,123 หมู่ 5 ต.บึงกาฬ อ.เมืองบึงกาฬ จ.บึงกาฬ,4158609450199,080-4365268
VP01637,อาทิตยา สุขสม,อาทิตยา,สุขสม,123 หมู่ 5 ต.บึงกาฬ อ.เมืองบึงกาฬ จ.บึงกาฬ,4075118055346,082-8565527
VP01638,จักรพงษ์ ทองสิงห์,จักรพงษ์,ทองสิงห์,88 หมู่ 4 ต.โพธิ์หมากแข้ง อ.ศรีวิไล จ.บึงกาฬ,61109948428,086-1515845
VP01639,ณัฐพล กล้าหาญ,ณัฐพล,กล้าหาญ,123 หมู่ 5 ต.บึงกาฬ อ.เมืองบึงกาฬ จ.บึงกาฬ,3602088420230,085-6237191
VP01640,จักรพงษ์ ศรีมหา,จักรพงษ์,ศรีมหา,123 หมู่ 5 ต.บึงกาฬ อ.เมืองบึงกาฬ จ.บึงกาฬ,627227822769,086-4869089
VP01641,พัชรี สายชล,พัชรี,สายชล,45/3 ต.บึงโขงหลง อ.บึงโขงหลง จ.บึงกาฬ,3302496224529,089-6843031
VP01642,สุริยา พงษ์ไพบูลย์,สุริยา,พงษ์ไพบูลย์,12/7 ต.วิศิษฐ์ อ.เมือง จ.บึงกาฬ,6118577255960,086-8177598
VP01643,สุริยา กล้าหาญ,สุริยา,กล้าหาญ,12/7 ต.วิศิษฐ์ อ.เมือง จ.บึงกาฬ,7625870837634,083-1183565
VP01644,ชยพล บุญทวี,ชยพล,บุญทวี,99/1 หมู่ 1 ต.หนองเดิ่น อ.บุ่งคล้า จ.บึงกาฬ,7827570713671,082-1217451
VP01645,กัลยารัตน์ มีสุข,กัลยารัตน์,มีสุข,99/1 หมู่ 1 ต.หนองเดิ่น อ.บุ่งคล้า จ.บึงกาฬ,8617164882346,083-6792646
VP01646,พัชรี ทองสิงห์,พัชรี,ทองสิงห์,123 หมู่ 5 ต.บึงกาฬ อ.เมืองบึงกาฬ จ.บึงกาฬ,4306188271328,088-9840787
VP01647,ณัฐพล พานทอง,ณัฐพล,พานทอง,45/3 ต.บึงโขงหลง อ.บึงโขงหลง จ.บึงกาฬ,8667184484391,082-3912990
VP01648,ธัญชนก ทองสิงห์,ธัญชนก,ทองสิงห์,45/3 ต.บึงโขงหลง อ.บึงโขงหลง จ.บึงกาฬ,9909227653649,081-8578692
VP01649,อธิวัฒน์ ศรีมหา,อธิวัฒน์,ศรีมหา,88 หมู่ 4 ต.โพธิ์หมากแข้ง อ.ศรีวิไล จ.บึงกาฬ,1628475578650,085-5831977
VP01650,ชัยวัฒน์ พานทอง,ชัยวัฒน์,พานทอง,12/7 ต.วิศิษฐ์ อ.เมือง จ.บึงกาฬ,3141935965276,089-2132268
VP01651,อาทิตยา คำแสน,อาทิตยา,คำแสน,45/3 ต.บึงโขงหลง อ.บึงโขงหลง จ.บึงกาฬ,7914396493102,080-4655978
VP01652,ธัญชนก สุขสม,ธัญชนก,สุขสม,99/1 หมู่ 1 ต.หนองเดิ่น อ.บุ่งคล้า จ.บึงกาฬ,2600658414032,084-6407134
VP01653,กิตติศักดิ์ สุขสม,กิตติศักดิ์,สุขสม,45/3 ต.บึงโขงหลง อ.บึงโขงหลง จ.บึงกาฬ,9365437389210,080-4071748
VP01654,พัชรี โพธิ์ชัย,พัชรี,โพธิ์ชัย,99/1 หมู่ 1 ต.หนองเดิ่น อ.บุ่งคล้า จ.บึงกาฬ,998520618498,083-7932345
VP01655,อาทิตยา กล้าหาญ,อาทิตยา,กล้าหาญ,12/7 ต.วิศิษฐ์ อ.เมือง จ.บึงกาฬ,8188680523706,080-9990235
VP01656,ยุพา มีสุข,ยุพา,มีสุข,99/1 หมู่ 1 ต.หนองเดิ่น อ.บุ่งคล้า จ.บึงกาฬ,5840113166497,081-6445686
VP01657,พัชรี รุ่งเรือง,พัชรี,รุ่งเรือง,88 หมู่ 4 ต.โพธิ์หมากแข้ง อ.ศรีวิไล จ.บึงกาฬ,5657213184983,083-8131879
VP01658,ประเสริฐ กล้าหาญ,ประเสริฐ,กล้าหาญ,45/3 ต.บึงโขงหลง อ.บึงโขงหลง จ.บึงกาฬ,1677295087180,086-8783532
VP01659,อธิวัฒน์ มีสุข,อธิวัฒน์,มีสุข,99/1 หมู่ 1 ต.หนองเดิ่น อ.บุ่งคล้า จ.บึงกาฬ,9846032333038,089-8285615
VP01660,พัชรี พานทอง,พัชรี,พานทอง,88 หมู่ 4 ต.โพธิ์หมากแข้ง อ.ศรีวิไล จ.บึงกาฬ,7884782095600,089-9723292
VP01661,พัชรี มีสุข,พัชรี,มีสุข,45/3 ต.บึงโขงหลง อ.บึงโขงหลง จ.บึงกาฬ,5434394474136,085-5836857
VP01662,อารยา แก้วใส,อารยา,แก้วใส,12/7 ต.วิศิษฐ์ อ.เมือง จ.บึงกาฬ,8845034011056,089-4263711
VP01663,สิทธิโชค บุญทวี,สิทธิโชค,บุญทวี,45/3 ต.บึงโขงหลง อ.บึงโขงหลง จ.บึงกาฬ,9869157206132,087-8645184
VP01664,สุริยา วัฒนกุล,สุริยา,วัฒนกุล,12/7 ต.วิศิษฐ์ อ.เมือง จ.บึงกาฬ,5956877150931,086-6773431
VP01665,ธัญชนก วัฒนกุล,ธัญชนก,วัฒนกุล,99/1 หมู่ 1 ต.หนองเดิ่น อ.บุ่งคล้า จ.บึงกาฬ,1689961598106,081-4914091
VP01666,รัตนา ทองสิงห์,รัตนา,ทองสิงห์,88 หมู่ 4 ต.โพธิ์หมากแข้ง อ.ศรีวิไล จ.บึงกาฬ,8267087400866,084-2737883
VP01667,ธัญชนก แก้วใส,ธัญชนก,แก้วใส,123 หมู่ 5 ต.บึงกาฬ อ.เมืองบึงกาฬ จ.บึงกาฬ,1330215238723,085-8444497
VP01668,กัลยารัตน์ รุ่งเรือง,กัลยารัตน์,รุ่งเรือง,12/7 ต.วิศิษฐ์ อ.เมือง จ.บึงกาฬ,7894461933994,081-6742660
VP01669,พัชรี บุญทวี,พัชรี,บุญทวี,123 หมู่ 5 ต.บึงกาฬ อ.เมืองบึงกาฬ จ.บึงกาฬ,2856314653041,087-7874425
VP01670,รัตนา กล้าหาญ,รัตนา,กล้าหาญ,88 หมู่ 4 ต.โพธิ์หมากแข้ง อ.ศรีวิไล จ.บึงกาฬ,9326070505420,088-4002600
VP01671,จักรพงษ์ แก้วใส,จักรพงษ์,แก้วใส,123 หมู่ 5 ต.บึงกาฬ อ.เมืองบึงกาฬ จ.บึงกาฬ,54245658829,089-1547230
VP01672,อธิวัฒน์ สุขสม,อธิวัฒน์,สุขสม,45/3 ต.บึงโขงหลง อ.บึงโขงหลง จ.บึงกาฬ,478484380951,081-7914279
VP01673,สิทธิโชค แสงทอง,สิทธิโชค,แสงทอง,99/1 หมู่ 1 ต.หนองเดิ่น อ.บุ่งคล้า จ.บึงกาฬ,2810394245423,089-8386033
VP01674,วรรณิศา อินทรวงศ์,วรรณิศา,อินทรวงศ์,45/3 ต.บึงโขงหลง อ.บึงโขงหลง จ.บึงกาฬ,592150099126,086-6049037
VP01675,กัลยารัตน์ วัฒนกุล,กัลยารัตน์,วัฒนกุล,99/1 หมู่ 1 ต.หนองเดิ่น อ.บุ่งคล้า จ.บึงกาฬ,2079340183844,083-8140127
VP01676,รัตนา เรืองศรี,รัตนา,เรืองศรี,88 หมู่ 4 ต.โพธิ์หมากแข้ง อ.ศรีวิไล จ.บึงกาฬ,6858871849760,085-7821396
VP01677,ธัญชนก โพธิ์ชัย,ธัญชนก,โพธิ์ชัย,99/1 หมู่ 1 ต.หนองเดิ่น อ.บุ่งคล้า จ.บึงกาฬ,9096950972837,087-6660128
VP01678,อารยา อินทรวงศ์,อารยา,อินทรวงศ์,45/3 ต.บึงโขงหลง อ.บึงโขงหลง จ.บึงกาฬ,255779423213,088-1807704
VP01679,สุริยา เรืองศรี,สุริยา,เรืองศรี,99/1 หมู่ 1 ต.หนองเดิ่น อ.บุ่งคล้า จ.บึงกาฬ,8025656124389,086-4479930
VP01680,นิภาพร แสงทอง,นิภาพร,แสงทอง,12/7 ต.วิศิษฐ์ อ.เมือง จ.บึงกาฬ,6158030253385,083-7666052
VP01681,ชยพล มีสุข,ชยพล,มีสุข,45/3 ต.บึงโขงหลง อ.บึงโขงหลง จ.บึงกาฬ,5434433735510,085-3752147
VP01682,วรรณิศา มีสุข,วรรณิศา,มีสุข,123 หมู่ 5 ต.บึงกาฬ อ.เมืองบึงกาฬ จ.บึงกาฬ,5479635240305,082-4717723
VP01683,กิตติศักดิ์ คำแสน,กิตติศักดิ์,คำแสน,88 หมู่ 4 ต.โพธิ์หมากแข้ง อ.ศรีวิไล จ.บึงกาฬ,6546266471349,081-9407273
VP01684,ชยพล คำแสน,ชยพล,คำแสน,45/3 ต.บึงโขงหลง อ.บึงโขงหลง จ.บึงกาฬ,330467946970,086-5642794
VP01685,มนัสนันท์ คำแสน,มนัสนันท์,คำแสน,123 หมู่ 5 ต.บึงกาฬ อ.เมืองบึงกาฬ จ.บึงกาฬ,197445694682,085-6430969
VP01686,ยุพา รัตนพร,ยุพา,รัตนพร,12/7 ต.วิศิษฐ์ อ.เมือง จ.บึงกาฬ,6358336048310,088-7347304
VP01687,นิภาพร คำแสน,นิภาพร,คำแสน,12/7 ต.วิศิษฐ์ อ.เมือง จ.บึงกาฬ,5096232906358,085-1759537
VP01688,ยุพา วัฒนกุล,ยุพา,วัฒนกุล,12/7 ต.วิศิษฐ์ อ.เมือง จ.บึงกาฬ,3388457015435,085-5032289
VP01689,วรรณิศา สุขสม,วรรณิศา,สุขสม,45/3 ต.บึงโขงหลง อ.บึงโขงหลง จ.บึงกาฬ,5331701149701,080-9136100
VP01690,สุริยา ศรีจันทร์,สุริยา,ศรีจันทร์,88 หมู่ 4 ต.โพธิ์หมากแข้ง อ.ศรีวิไล จ.บึงกาฬ,7623856745841,086-4508043
VP01691,ชยพล ใจดี,ชยพล,ใจดี,88 หมู่ 4 ต.โพธิ์หมากแข้ง อ.ศรีวิไล จ.บึงกาฬ,9682843998299,082-5266968
VP01692,ชยพล สายชล,ชยพล,สายชล,88 หมู่ 4 ต.โพธิ์หมากแข้ง อ.ศรีวิไล จ.บึงกาฬ,9274710817622,082-3997715
VP01693,สุริยา มีสุข,สุริยา,มีสุข,45/3 ต.บึงโขงหลง อ.บึงโขงหลง จ.บึงกาฬ,1464393679264,081-9395254
VP01694,สิทธิโชค รัตนพร,สิทธิโชค,รัตนพร,123 หมู่ 5 ต.บึงกาฬ อ.เมืองบึงกาฬ จ.บึงกาฬ,4908443969517,089-5245289
VP01695,กิตติศักดิ์ กล้าหาญ,กิตติศักดิ์,กล้าหาญ,12/7 ต.วิศิษฐ์ อ.เมือง จ.บึงกาฬ,5570447311224,084-5542296
VP01696,จักรพงษ์ ใจดี,จักรพงษ์,ใจดี,88 หมู่ 4 ต.โพธิ์หมากแข้ง อ.ศรีวิไล จ.บึงกาฬ,9129318990573,088-5507773
VP01697,วรรณิศา บุญทวี,วรรณิศา,บุญทวี,123 หมู่ 5 ต.บึงกาฬ อ.เมืองบึงกาฬ จ.บึงกาฬ,2687437610027,086-8435483
VP01698,ชยพล เรืองศรี,ชยพล,เรืองศรี,12/7 ต.วิศิษฐ์ อ.เมือง จ.บึงกาฬ,5225811414163,088-6700170
VP01699,วรรณิศา สายชล,วรรณิศา,สายชล,45/3 ต.บึงโขงหลง อ.บึงโขงหลง จ.บึงกาฬ,1410624623363,082-1979902
VP01700,อธิวัฒน์ เรืองศรี,อธิวัฒน์,เรืองศรี,12/7 ต.วิศิษฐ์ อ.เมือง จ.บึงกาฬ,2284491726359,088-5866880
VP01701,มนัสนันท์ มีสุข,มนัสนันท์,มีสุข,123 หมู่ 5 ต.บึงกาฬ อ.เมืองบึงกาฬ จ.บึงกาฬ,8105610006386,085-9185564
VP01702,ณัฐพล อินทรวงศ์,ณัฐพล,อินทรวงศ์,12/7 ต.วิศิษฐ์ อ.เมือง จ.บึงกาฬ,7940620948041,082-8925389
VP01703,ยุพา ทองสิงห์,ยุพา,ทองสิงห์,99/1 หมู่ 1 ต.หนองเดิ่น อ.บุ่งคล้า จ.บึงกาฬ,1435632882791,084-2626389
VP01704,กิตติศักดิ์ พานทอง,กิตติศักดิ์,พานทอง,99/1 หมู่ 1 ต.หนองเดิ่น อ.บุ่งคล้า จ.บึงกาฬ,1957847150737,081-7484584
VP01705,อารยา ศรีจันทร์,อารยา,ศรีจันทร์,123 หมู่ 5 ต.บึงกาฬ อ.เมืองบึงกาฬ จ.บึงกาฬ,7332872555946,081-7110552
VP01706,สุริยา รัตนพร,สุริยา,รัตนพร,123 หมู่ 5 ต.บึงกาฬ อ.เมืองบึงกาฬ จ.บึงกาฬ,1185702674551,081-9682234
VP01707,จักรพงษ์ สุขสม,จักรพงษ์,สุขสม,88 หมู่ 4 ต.โพธิ์หมากแข้ง อ.ศรีวิไล จ.บึงกาฬ,5856506428384,087-6977713
VP01708,มนัสนันท์ แสงทอง,มนัสนันท์,แสงทอง,12/7 ต.วิศิษฐ์ อ.เมือง จ.บึงกาฬ,6452510510408,084-5213470
VP01709,อารยา มีสุข,อารยา,มีสุข,45/3 ต.บึงโขงหลง อ.บึงโขงหลง จ.บึงกาฬ,4274700821105,083-7191797
VP01710,ชัยวัฒน์ กล้าหาญ,ชัยวัฒน์,กล้าหาญ,45/3 ต.บึงโขงหลง อ.บึงโขงหลง จ.บึงกาฬ,1542127857566,080-7444512
VP01711,กัลยารัตน์ คำแสน,กัลยารัตน์,คำแสน,99/1 หมู่ 1 ต.หนองเดิ่น อ.บุ่งคล้า จ.บึงกาฬ,6378458358236,082-5390515
VP01712,ประเสริฐ ศรีจันทร์,ประเสริฐ,ศรีจันทร์,88 หมู่ 4 ต.โพธิ์หมากแข้ง อ.ศรีวิไล จ.บึงกาฬ,1053013260900,087-4212745
VP01713,กิตติศักดิ์ วัฒนกุล,กิตติศักดิ์,วัฒนกุล,99/1 หมู่ 1 ต.หนองเดิ่น อ.บุ่งคล้า จ.บึงกาฬ,4707259098937,080-6894276
VP01714,กัลยารัตน์ โพธิ์ชัย,กัลยารัตน์,โพธิ์ชัย,88 หมู่ 4 ต.โพธิ์หมากแข้ง อ.ศรีวิไล จ.บึงกาฬ,4479334191196,085-7874537
VP01715,อาทิตยา บุญทวี,อาทิตยา,บุญทวี,99/1 หมู่ 1 ต.หนองเดิ่น อ.บุ่งคล้า จ.บึงกาฬ,4126969892784,083-4445175
VP01716,ยุพา พานทอง,ยุพา,พานทอง,12/7 ต.วิศิษฐ์ อ.เมือง จ.บึงกาฬ,6702737153051,089-5154084
VP01717,อธิวัฒน์ กล้าหาญ,อธิวัฒน์,กล้าหาญ,88 หมู่ 4 ต.โพธิ์หมากแข้ง อ.ศรีวิไล จ.บึงกาฬ,2671952637877,087-5382701
VP01718,ธัญชนก บุญทวี,ธัญชนก,บุญทวี,123 หมู่ 5 ต.บึงกาฬ อ.เมืองบึงกาฬ จ.บึงกาฬ,8420752488137,086-5401653
VP01719,ณัฐพล เรืองศรี,ณัฐพล,เรืองศรี,88 หมู่ 4 ต.โพธิ์หมากแข้ง อ.ศรีวิไล จ.บึงกาฬ,3939572919117,087-4546500
VP01720,ประเสริฐ รุ่งเรือง,ประเสริฐ,รุ่งเรือง,99/1 หมู่ 1 ต.หนองเดิ่น อ.บุ่งคล้า จ.บึงกาฬ,2917126186311,080-8802829
VP01721,ภูวดล แก้วใส,ภูวดล,แก้วใส,45/3 ต.บึงโขงหลง อ.บึงโขงหลง จ.บึงกาฬ,5541117904456,082-1698668
VP01722,ภูวดล สายชล,ภูวดล,สายชล,12/7 ต.วิศิษฐ์ อ.เมือง จ.บึงกาฬ,1130392978594,085-6779729
VP01723,อธิวัฒน์ รุ่งเรือง,อธิวัฒน์,รุ่งเรือง,45/3 ต.บึงโขงหลง อ.บึงโขงหลง จ.บึงกาฬ,6694691284358,085-4498170
VP01724,ชัยวัฒน์ รุ่งเรือง,ชัยวัฒน์,รุ่งเรือง,99/1 หมู่ 1 ต.หนองเดิ่น อ.บุ่งคล้า จ.บึงกาฬ,6166786540740,080-7415455
VP01725,อธิวัฒน์ ทองสิงห์,อธิวัฒน์,ทองสิงห์,123 หมู่ 5 ต.บึงกาฬ อ.เมืองบึงกาฬ จ.บึงกาฬ,5884136851817,080-5046739
VP01726,กิตติศักดิ์ ทองสิงห์,กิตติศักดิ์,ทองสิงห์,45/3 ต.บึงโขงหลง อ.บึงโขงหลง จ.บึงกาฬ,8268587710104,080-8064406
VP01727,นิภาพร มีสุข,นิภาพร,มีสุข,12/7 ต.วิศิษฐ์ อ.เมือง จ.บึงกาฬ,3324752817840,080-6666848
VP01728,จักรพงษ์ สายชล,จักรพงษ์,สายชล,45/3 ต.บึงโขงหลง อ.บึงโขงหลง จ.บึงกาฬ,2085329946493,085-1876665
VP01729,ภูวดล รัตนพร,ภูวดล,รัตนพร,45/3 ต.บึงโขงหลง อ.บึงโขงหลง จ.บึงกาฬ,2146933722005,084-6483968
VP01730,สิทธิโชค พานทอง,สิทธิโชค,พานทอง,12/7 ต.วิศิษฐ์ อ.เมือง จ.บึงกาฬ,8204539142284,083-2893947
VP01731,ชยพล อินทรวงศ์,ชยพล,อินทรวงศ์,12/7 ต.วิศิษฐ์ อ.เมือง จ.บึงกาฬ,9563723673066,089-9078399
VP01732,มนัสนันท์ พงษ์ไพบูลย์,มนัสนันท์,พงษ์ไพบูลย์,123 หมู่ 5 ต.บึงกาฬ อ.เมืองบึงกาฬ จ.บึงกาฬ,4565227726677,088-9917432
VP01733,รัตนา พงษ์ไพบูลย์,รัตนา,พงษ์ไพบูลย์,12/7 ต.วิศิษฐ์ อ.เมือง จ.บึงกาฬ,7872001058696,082-1531078