เลขที่ลำดับ,Transaction ID,ชื่อ นามสกุล,ที่อยู่,หมายเลขบัตรประชาชน,เบอร์ติดต่อกลับ,ประเภทการชำระเงิน,  วันเวลา เข้ามาพัก,ห้องพักเลขที่,สัญชาติ,อาชีพ,มาจากตำบล อำเภอ จังหวัด หรือประเทศใด,จะไปตำบล อำเภอ จังหวัด หรือประเทศใด,วันเวลาที่ออกไป
10,#REF!,ชัชพล หลวงชา,-,-,091-8673-787,เงินโอน QR,04 ส.ค. 68,A101,ไทย,รับจ้าง,บึงกาฬ,บึงกาฬ,05 ส.ค. 68
11,VP01156,คุณปอนด์,-,-,06-2414-378,เงินโอน QR,04 ส.ค. 68,B102,ไทย,รับจ้าง,บึงกาฬ,บึงกาฬ,05 ส.ค. 68
12,VP01157,เพลง,-,-,081-9524-051,เงินสด,04 ส.ค. 68,A106,ไทย,รับจ้าง,บึงกาฬ,บึงกาฬ,05 ส.ค. 68
13,VP01158,โสภณ,-,-,083-7257-244,เงินโอน QR,04 ส.ค. 68,A105,ไทย,รับจ้าง,บึงกาฬ,บึงกาฬ,05 ส.ค. 68
14,VP01159,บริษัท โชวี่,-,-,081-7369-113,เงินโอน QR,04 ส.ค. 68,A104,ไทย,รับจ้าง,บึงกาฬ,บึงกาฬ,05 ส.ค. 68
15,VP01160,คุณส้ม,-,-,065-9208-391,เงินสด,04 ส.ค. 68,N7,ไทย,รับจ้าง,บึงกาฬ,บึงกาฬ,05 ส.ค. 68
16,VP01161,เต้,-,-,088-2744-477,เงินสด,04 ส.ค. 68,B108,ไทย,รับจ้าง,บึงกาฬ,บึงกาฬ,05 ส.ค. 68
17,VP01162,อธิวัฒน์ ยาทองไชย,-,-,063-5250-916,เงินสด,05 ส.ค. 68,B107,ไทย,รับจ้าง,บึงกาฬ,บึงกาฬ,06 ส.ค. 68
18,VP01163,พัชรินทร์,-,-,080-2104-363,เงินโอน QR,05 ส.ค. 68,B109,ไทย,รับจ้าง,บึงกาฬ,บึงกาฬ,06 ส.ค. 68
19,VP01164,ราชสีมา,-,-,-,เงินสด,05 ส.ค. 68,A105,ไทย,รับจ้าง,บึงกาฬ,บึงกาฬ,06 ส.ค. 68
20,VP01165,กำธร โพธิ์เสน,-,-,089-5305-462,เงินโอน QR,05 ส.ค. 68,B105,ไทย,รับจ้าง,บึงกาฬ,บึงกาฬ,06 ส.ค. 68
21,VP01166,คุณเป๊ก,-,-,065-1193-844,เงินโอน QR,06 ส.ค. 68,A103,ไทย,รับจ้าง,บึงกาฬ,บึงกาฬ,07 ส.ค. 68
22,VP01167,พิชิตชัย,-,-,080-0138-270,เงินโอน QR,06 ส.ค. 68,N7,ไทย,รับจ้าง,บึงกาฬ,บึงกาฬ,07 ส.ค. 68
23,VP01168,คุณ พีระ ตรีบวรกุศล,-,-,085-6672-260,เงินสด,06 ส.ค. 68,A106,ไทย,รับจ้าง,บึงกาฬ,บึงกาฬ,07 ส.ค. 68
24,VP01169,บรรเจิด หอยทอง,-,-,081-4410-591,เงินโอน QR,06 ส.ค. 68,A105,ไทย,รับจ้าง,บึงกาฬ,บึงกาฬ,07 ส.ค. 68
25,VP01170,สมภพ โชติวงษ์,-,-,089-2087-259,เงินโอน QR,07 ส.ค. 68,A104,ไทย,รับจ้าง,บึงกาฬ,บึงกาฬ,08 ส.ค. 68
26,VP01171,คุณสุพัตรา,-,-,099-4526-649,เงินสด,07 ส.ค. 68,B106,ไทย,รับจ้าง,ปากคาด,บึงกาฬ,08 ส.ค. 68
27,VP01172,ลุงเลียม,-,-,088-7479-892,เงินสด,07 ส.ค. 68,A105,ไทย,รับจ้าง,บึงกาฬ,บึงกาฬ,08 ส.ค. 68
28,VP01173,วิชิต,-,-,093-1011-156,เงินสด,07 ส.ค. 68,B101,ไทย,รับจ้าง,บึงกาฬ,บึงกาฬ,08 ส.ค. 68
29,VP01174,น้องฟ้า,-,-,080-1805-376,เงินโอน QR,07 ส.ค. 68,B109,ไทย,รับจ้าง,บึงกาฬ,บึงกาฬ,08 ส.ค. 68
30,VP01175,ธีรพงษ์,-,-,080-4651-451,เงินสด,08 ส.ค. 68,B110,ไทย,รับจ้าง,บึงกาฬ,บึงกาฬ,09 ส.ค. 68
31,VP01176,คมกริช กุหลาบขาว,-,-,-,เงินโอน QR,08 ส.ค. 68,A105,ไทย,รับจ้าง,กทม,บึงกาฬ,09 ส.ค. 68
32,VP01177,คุณวัน,-,-,-,เงินโอน QR,08 ส.ค. 68,A107,ไทย,รับจ้าง,บึงกาฬ,บึงกาฬ,09 ส.ค. 68
33,VP01178,สำเริง เดือนคล้อย,-,-,089-2542-788,เงินโอน QR,08 ส.ค. 68,A106,ไทย,รับจ้าง,บึงกาฬ,บึงกาฬ,09 ส.ค. 68
34,VP01179,จิณิพงษ์ ละการชั่ว,-,-,080-2454-323,เงินสด,09 ส.ค. 68,A104,ไทย,รับจ้าง,บึงกาฬ,บึงกาฬ,10 ส.ค. 68
35,VP01180,ธาราวุธ,-,-,082-2698-388,เงินโอน QR,09 ส.ค. 68,B103,ไทย,รับจ้าง,บึงกาฬ,บึงกาฬ,10 ส.ค. 68
36,VP01181,จีระเดช แข็งขัน,-,-,064-0100-598,เงินโอน QR,09 ส.ค. 68,B107,ไทย,รับจ้าง,บึงกาฬ,บึงกาฬ,10 ส.ค. 68
37,VP01182,นายวิทยา ชัยระเทศ,-,-,064-9929-890,เงินสด,09 ส.ค. 68,B107,ไทย,รับจ้าง,บึงกาฬ,บึงกาฬ,10 ส.ค. 68
38,VP01183,ชญานิศ ชินใหม่,-,-,063-0290-136,เงินสด,09 ส.ค. 68,B109,ไทย,รับจ้าง,บึงกาฬ,บึงกาฬ,10 ส.ค. 68
39,VP01184,สุกัญญา,-,-,096-5306-618,เงินสด,09 ส.ค. 68,B104,ไทย,รับจ้าง,นครปฐม,บึงกาฬ,10 ส.ค. 68
40,VP01185,ชัยศักดิ์ อัดตละ,-,-,089-3977-374,เงินโอน QR,09 ส.ค. 68,B106,ไทย,รับจ้าง,นนทบุรี,บึงกาฬ,10 ส.ค. 68
41,VP01186,ภณัชกร,-,-,099-6864-837,เงินสด,09 ส.ค. 68,N2,ไทย,รับจ้าง,บึงกาฬ,บึงกาฬ,10 ส.ค. 68
42,VP01187,ต่าย,-,-,094-4824-955,เงินโอน QR,09 ส.ค. 68,A106,ไทย,รับจ้าง,อุดรธานี,บึงกาฬ,10 ส.ค. 68
43,VP01188,บริษัท ชัวร์ ฟิลเตอร์ (ประเทศไทย) จำกัด,30/160 หมู่ที่ 1 ถนนเจษฏาวิถี ตำบลโคกขาม อำเภอเมืองสมุทรสาคร จ.สมุทรสาคร 74000,745546000078,,เงินโอน QR,09 ส.ค. 68,B104,ไทย,รับจ้าง,บึงกาฬ,บึงกาฬ,10 ส.ค. 68
44,VP01189,วิญญู,-,-,082-8500-850,เงินโอน QR,10 ส.ค. 68,N3,ไทย,รับจ้าง,อุดรธานี,บึงกาฬ,11 ส.ค. 68
45,VP01190,คุณสมบัติ,-,-,098-1834-229,เงินสด,10 ส.ค. 68,B106,ไทย,รับจ้าง,บึงกาฬ,บึงกาฬ,11 ส.ค. 68
46,VP01191,สันติ ขอมกิ่ง,-,-,092-9526-159,เงินโอน QR,10 ส.ค. 68,A104,ไทย,รับจ้าง,อุดรธานี,บึงกาฬ,11 ส.ค. 68
47,VP01192,มนัส,-,-,089-5126-243,เงินโอน QR,10 ส.ค. 68,A105,ไทย,รับจ้าง,บึงกาฬ,บึงกาฬ,11 ส.ค. 68
48,VP01193,บริษัท ดี.เอช.เอ.สยามวาลา จำกัด,202 ถนนสุรวงศ์ แขวงสี่พระยา เขตบางรัก กรุงเทพมหานคร 10500,105485000257,,เงินสด,10 ส.ค. 68,A104,ไทย,รับจ้าง,อุดรธานี,บึงกาฬ,11 ส.ค. 68
49,VP01194,บริษัท ไบโอ,-,-,-,เงินสด,10 ส.ค. 68,B105,ไทย,รับจ้าง,อุดรธานี,บึงกาฬ,11 ส.ค. 68
50,VP01195,ปณต โพธิ์สว่าง,-,-,093-5435-843,เงินสด,10 ส.ค. 68,A108,ไทย,รับจ้าง,ปทุมธานี,บึงกาฬ,11 ส.ค. 68
51,VP01196,สุจิตรา ธรรมเจริญ,-,-,092-8875-964,เงินโอน QR,10 ส.ค. 68,B106,ไทย,รับจ้าง,อุดรธานี,บึงกาฬ,11 ส.ค. 68
52,VP01197,ประนมไพร,-,-,080-0556-182,เงินสด,10 ส.ค. 68,A105,ไทย,รับจ้าง,บึงกาฬ,บึงกาฬ,11 ส.ค. 68
53,VP01198,วินัย,-,-,080-7710-888,เงินโอน QR,10 ส.ค. 68,B106,ไทย,รับจ้าง,บึงกาฬ,บึงกาฬ,11 ส.ค. 68
54,VP01199,ชุตินันต์,-,-,093-5202-132,เงินโอน QR,10 ส.ค. 68,A106,ไทย,รับจ้าง,อุดรธานี,บึงกาฬ,11 ส.ค. 68
55,VP01200,ธีรยุทธ,-,1550700105640,-,เงินโอน QR,10 ส.ค. 68,A108,ไทย,รับจ้าง,อุดรธานี,บึงกาฬ,11 ส.ค. 68
56,VP01201,นมดูเม็ก,-,-,-,เงินสด,10 ส.ค. 68,B107,ไทย,รับจ้าง,บึงกาฬ,บึงกาฬ,11 ส.ค. 68
57,VP01202,วงศ์วรัญ นารถชัย,-,-,095-205-2957,เงินโอน QR,11 ส.ค. 68,A103,ไทย,รับจ้าง,บึงกาฬ,บึงกาฬ,12 ส.ค. 68
58,VP01203,บริษัท เค เทคนิคเชี่ยน แอนด์ เซอร์วิส จำกัด    (สำนักงานใหญ่),124/208 หมู่ที่ 1 ตำบลบึงยี่โถ อำเภอธัญบุรี จ.ปทุมธานี 12130,135557015433,-,เงินโอน QR,11 ส.ค. 68,B105,ไทย,รับจ้าง,บึงกาฬ,บึงกาฬ,12 ส.ค. 68
59,VP01204,บริษัท ห้าม้า โอสถ จำกัด,145/5 ซอยเฉลิมพระเกียรติ ร.9 ซ. 30 แขวงดอกไม้ เขตประเวศ กรุงเทพมหานคร 10250,105546034385,-,เงินสด,11 ส.ค. 68,A105,ไทย,รับจ้าง,กทม.,บึงกาฬ,12 ส.ค. 68
60,VP01205,ศราวุฒิ,-,-,091-0518-256,เงินสด,11 ส.ค. 68,A111,ไทย,รับจ้าง,เลย,บึงกาฬ,12 ส.ค. 68
61,VP01206,ครูยา,-,-,081-0540-830,เงินสด,11 ส.ค. 68,B105,ไทย,รับจ้าง,บึงกาฬ,บึงกาฬ,12 ส.ค. 68
62,VP01207,ทองใส,-,-,084-5929-022,เงินโอน QR,11 ส.ค. 68,A103,ไทย,รับจ้าง,บึงกาฬ,บึงกาฬ,12 ส.ค. 68
63,VP01208,ยุทธพงษ์,-,-,062-5782-534,เงินสด,11 ส.ค. 68,A107,ไทย,รับจ้าง,บึงกาฬ,บึงกาฬ,12 ส.ค. 68
64,VP01209,ช่อผกา,-,-,086-4342-126,เงินโอน QR,11 ส.ค. 68,A105,ไทย,รับจ้าง,บึงกาฬ,บึงกาฬ,12 ส.ค. 68
65,VP01210,รัฐธรรมนูญ,-,-,086-2682-833,เงินโอน QR,11 ส.ค. 68,B106,ไทย,รับจ้าง,บึงกาฬ,บึงกาฬ,12 ส.ค. 68
66,VP01211,จุติพร เทยเลอร์,-,-,080-7014-582,เงินโอน QR,11 ส.ค. 68,A105,ไทย,รับจ้าง,บึงกาฬ,บึงกาฬ,12 ส.ค. 68
67,VP01212,บริษัท เอคโค่,-,-,098-6239-932,เงินสด,11 ส.ค. 68,B107,ไทย,รับจ้าง,บึงกาฬ,บึงกาฬ,12 ส.ค. 68
68,VP01213,วรวุธ,-,-,091-8622-406,เงินโอน QR,12 ส.ค. 68,B104,ไทย,รับจ้าง,บึงกาฬ,บึงกาฬ,13 ส.ค. 68
69,VP01214,คุณตุ๊,-,-,098-2269-056,เงินโอน QR,12 ส.ค. 68,A103,ไทย,รับจ้าง,อุดรธานี,บึงกาฬ,13 ส.ค. 68
70,VP01215,น้องเบลล์,-,-,-,เงินสด,12 ส.ค. 68,B106,ไทย,รับจ้าง,บึงกาฬ,บึงกาฬ,13 ส.ค. 68
71,VP01216,วิจิตรา,-,-,-,เงินสด,12 ส.ค. 68,B104,ไทย,รับจ้าง,บึงกาฬ,บึงกาฬ,13 ส.ค. 68
72,VP01217,พิศิษ,-,1480800071071,080-7569-935,เงินสด,12 ส.ค. 68,A105,ไทย,รับจ้าง,บึงกาฬ,บึงกาฬ,13 ส.ค. 68
73,VP01218,สุชาติ,-,-,082-1130-448,เงินโอน QR,12 ส.ค. 68,A102,ไทย,รับจ้าง,สกล,บึงกาฬ,13 ส.ค. 68
74,VP01219,ทนากร,-,-,094-4985-514,เงินสด,12 ส.ค. 68,B105,ไทย,รับจ้าง,บึงกาฬ,บึงกาฬ,13 ส.ค. 68
75,VP01220,บริษัท ออโตคอร์ป โฮลดิ้ง จำกัด,1111 หมู่ที่ 1 ถนนมะลิวัลย์ ตำบลบ้านทุ่ม อำเภอเมืองขอนแก่น จ.ขอนแก่น 40000,325558000268,086-2862-833,เงินโอน QR,12 ส.ค. 68,B108,ไทย,รับจ้าง,บึงกาฬ,บึงกาฬ,13 ส.ค. 68
76,VP01221,เบนซ์,-,-,,เงินโอน QR,12 ส.ค. 68,B108,ไทย,รับจ้าง,บึงกาฬ,บึงกาฬ,13 ส.ค. 68
77,VP01222,คุณ ธนาธร,-,-,094-4985-514,เงินโอน QR,12 ส.ค. 68,A104,ไทย,รับจ้าง,อุดรธานี,บึงกาฬ,13 ส.ค. 68
78,VP01223,คุณ วรพล,-,-,094-6828-266,เงินสด,12 ส.ค. 68,A101,ไทย,รับจ้าง,บึงกาฬ,บึงกาฬ,13 ส.ค. 68
79,VP01224,มานพ,-,,082-8372-824,เงินโอน QR,12 ส.ค. 68,B106,ไทย,รับจ้าง,บึงกาฬ,บึงกาฬ,13 ส.ค. 68
80,VP01225,กิ่งกานณ์ กุลาวงษ์,-,-,082-9299-888,เงินโอน QR,13 ส.ค. 68,B109,ไทย,รับจ้าง,บึงกาฬ,บึงกาฬ,14 ส.ค. 68
81,VP01226,กรรณิกา,-,-,095-1655-445,เงินสด,13 ส.ค. 68,B108,ไทย,รับจ้าง,บึงกาฬ,บึงกาฬ,14 ส.ค. 68
82,VP01227,น.ส. ชนิทณี เดชบุรีรัมธ,316 ม.4 อ.เมือง จ.บึงกาฬ,1430301364481,086-3403-382,เงินสด,13 ส.ค. 68,A104,ไทย,รับจ้าง,บึงกาฬ,บึงกาฬ,14 ส.ค. 68
83,VP01228,รุ่่งโรจน์,-,-,062-8573-585,เงินสด,13 ส.ค. 68,A105,ไทย,รับจ้าง,บึงกาฬ,บึงกาฬ,14 ส.ค. 68
84,VP01229,คุณ ปอนด์,-,-,-,เงินโอน QR,13 ส.ค. 68,A111,ไทย,รับจ้าง,บึงกาฬ,บึงกาฬ,14 ส.ค. 68
85,VP01230,เตชิน,,,098-7993-370,เงินสด,13 ส.ค. 68,N7,ไทย,รับจ้าง,บึงกาฬ,บึงกาฬ,14 ส.ค. 68
86,VP01231,ช่างซ่อมเครื่องซักผ้า,-,-,-,เงินโอน QR,13 ส.ค. 68,N3,ไทย,รับจ้าง,บึงกาฬ,บึงกาฬ,14 ส.ค. 68
87,VP01232,ธวัชชัย,-,-,083-0408-237,เงินโอน QR,13 ส.ค. 68,A106,ไทย,รับจ้าง,บึงกาฬ,บึงกาฬ,14 ส.ค. 68
88,VP01233,อาทิตย์,-,-,096-6317-976,เงินโอน QR,14 ส.ค. 68,B103,ไทย,รับจ้าง,บึงกาฬ,บึงกาฬ,15 ส.ค. 68
89,VP01234,ชาวลิต,-,-,098-7991-839,เงินสด,14 ส.ค. 68,A102,ไทย,รับจ้าง,บึงกาฬ,บึงกาฬ,15 ส.ค. 68
90,VP01235,สมควร,-,-,095-8614-778,เงินโอน QR,14 ส.ค. 68,B104,ไทย,รับจ้าง,บึงกาฬ,บึงกาฬ,15 ส.ค. 68
91,VP01236,คุณทาม,-,-,090-192-0150,เงินโอน QR,14 ส.ค. 68,B107,ไทย,รับจ้าง,บึงกาฬ,บึงกาฬ,15 ส.ค. 68
92,VP01237,ลลิตา,-,1479300060141,064-3364-681,เงินสด,14 ส.ค. 68,A103,ไทย,รับจ้าง,บึงกาฬ,บึงกาฬ,15 ส.ค. 68
93,VP01238,คุณไพโรจน์,-,-,-,เงินสด,15 ส.ค. 68,B106,ไทย,รับจ้าง,บึงกาฬ,บึงกาฬ,16 ส.ค. 68
94,VP01239,คุณสนธยา,-,-,080-8192-542,เงินสด,15 ส.ค. 68,B105,ไทย,รับจ้าง,บึงกาฬ,บึงกาฬ,16 ส.ค. 68
95,VP01240,คุณฉัตรชัย,-,-,-,เงินโอน QR,15 ส.ค. 68,A102,ไทย,รับจ้าง,บึงกาฬ,บึงกาฬ,16 ส.ค. 68
96,VP01241,ฐิติกา,-,-,064-0351-274,เงินสด,15 ส.ค. 68,N3,ไทย,รับจ้าง,บึงกาฬ,บึงกาฬ,16 ส.ค. 68
97,VP01242,วัชรินทร์,-,-,095-2219-945,เงินโอน QR,15 ส.ค. 68,B109,ไทย,รับจ้าง,บึงกาฬ,บึงกาฬ,16 ส.ค. 68
98,VP01243,ชญานี,-,-,064-7293-821,เงินโอน QR,15 ส.ค. 68,A105,ไทย,รับจ้าง,บึงกาฬ,บึงกาฬ,16 ส.ค. 68
99,VP01244,อนุชิต,-,-,061-2598-988,เงินโอน QR,15 ส.ค. 68,B104,ไทย,รับจ้าง,บึงกาฬ,บึงกาฬ,16 ส.ค. 68
100,VP01245,โชติรส,-,-,063-3614-993,เงินสด,15 ส.ค. 68,B102,ไทย,รับจ้าง,บึงกาฬ,บึงกาฬ,16 ส.ค. 68
101,VP01246,ธิดารัตน์,-,-,096-3453-706,เงินโอน QR,15 ส.ค. 68,A111,ไทย,รับจ้าง,บึงกาฬ,บึงกาฬ,16 ส.ค. 68
102,VP01247,ภาณุวัฒน์,-,-,098-3498-404,เงินโอน QR,15 ส.ค. 68,B107,ไทย,รับจ้าง,บึงกาฬ,บึงกาฬ,16 ส.ค. 68
103,VP01248,สวภณ,-,-,067-6435-832,เงินสด,15 ส.ค. 68,B105,ไทย,รับจ้าง,บึงกาฬ,บึงกาฬ,16 ส.ค. 68
92,VP01249,ณัฐภัทร,-,-,085-4840-614,เงินสด,16 ส.ค. 68,B106,ไทย,รับจ้าง,บึงกาฬ,บึงกาฬ,17 ส.ค. 68
93,VP01250,ตองสาม,-,-,088-8924-498,เงินสด,16 ส.ค. 68,A107,ไทย,รับจ้าง,บึงกาฬ,บึงกาฬ,17 ส.ค. 68
94,VP01251,ธิติยา,-,-,062-1878-476,เงินโอน QR,16 ส.ค. 68,A108,ไทย,รับจ้าง,บึงกาฬ,บึงกาฬ,17 ส.ค. 68
95,VP01252,สุระชัย,-,-,088-9435-547,เงินสด,16 ส.ค. 68,B107,ไทย,รับจ้าง,บึงกาฬ,บึงกาฬ,17 ส.ค. 68
96,VP01253,อภิวัฒน์,-,-,081-8724-322,เงินโอน QR,16 ส.ค. 68,N4,ไทย,รับจ้าง,บึงกาฬ,บึงกาฬ,17 ส.ค. 68
97,VP01254,กชพรรณ,-,-,098-2405-411,เงินโอน QR,16 ส.ค. 68,B108,ไทย,รับจ้าง,บึงกาฬ,บึงกาฬ,17 ส.ค. 68
98,VP01255,เอ้,-,,089-4480-514,เงินโอน QR,16 ส.ค. 68,A101,ไทย,รับจ้าง,บึงกาฬ,บึงกาฬ,17 ส.ค. 68
111,VP01256,วัฒนา สีอ่อง,-,1419900226874,080-2372-464,เงินสด,16 ส.ค. 68,B103,ไทย,รับจ้าง,บึงกาฬ,บึงกาฬ,17 ส.ค. 68
112,VP01257,จรัสชัย,-,-,096-0978-692,เงินโอน QR,16 ส.ค. 68,A103,ไทย,รับจ้าง,บึงกาฬ,บึงกาฬ,17 ส.ค. 68
113,VP01258,วิษณุ,-,-,082-8500-850,เงินโอน QR,16 ส.ค. 68,A102,ไทย,รับจ้าง,บึงกาฬ,บึงกาฬ,17 ส.ค. 68
114,VP01259,สุนันท์,-,-,063-7412-876,เงินสด,16 ส.ค. 68,A101,ไทย,รับจ้าง,บึงกาฬ,บึงกาฬ,17 ส.ค. 68
115,VP01260,เอกสิทธ์,-,-,081-2868-092,เงินสด,16 ส.ค. 68,N7,ไทย,รับจ้าง,บึงกาฬ,บึงกาฬ,17 ส.ค. 68
116,VP01261,ชลธิชา,-,-,-,เงินสด,16 ส.ค. 68,B108,ไทย,รับจ้าง,บึงกาฬ,บึงกาฬ,17 ส.ค. 68
117,VP01262,คุณครเทวิน,-,-,082-8372-824,เงินโอน QR,17 ส.ค. 68,B107,ไทย,รับจ้าง,บึงกาฬ,บึงกาฬ,18 ส.ค. 68
118,VP01263,บริษัท ธนวัฒน์,-,-,,เงินสด,17 ส.ค. 68,B109,ไทย,รับจ้าง,บึงกาฬ,บึงกาฬ,18 ส.ค. 68
119,VP01264,คุณกิจพงษ์,-,-,081-5589-185,เงินโอน QR,17 ส.ค. 68,A106,ไทย,รับจ้าง,บึงกาฬ,บึงกาฬ,18 ส.ค. 68
120,VP01265,มนต์ทรานสปอร์ต,-,-,,เงินโอน QR,17 ส.ค. 68,B106,ไทย,รับจ้าง,บึงกาฬ,บึงกาฬ,18 ส.ค. 68
121,VP01266,เสกสรรค์,-,-,061-9941-942,เงินโอน QR,17 ส.ค. 68,A104,ไทย,รับจ้าง,บึงกาฬ,บึงกาฬ,18 ส.ค. 68
122,VP01267,กรภัทร,-,-,093-0286-088,เงินสด,17 ส.ค. 68,N7,ไทย,รับจ้าง,บึงกาฬ,บึงกาฬ,18 ส.ค. 68
123,VP01268,อริสรา,-,-,093-6672-972,เงินโอน QR,17 ส.ค. 68,A103,ไทย,รับจ้าง,บึงกาฬ,บึงกาฬ,18 ส.ค. 68
124,VP01269,นัฐพงษ์,-,-,098-2567-909,เงินโอน QR,17 ส.ค. 68,A102,ไทย,รับจ้าง,บึงกาฬ,บึงกาฬ,18 ส.ค. 68
125,VP01270,ประสงค์,-,-,064-6474-674,เงินสด,17 ส.ค. 68,A101,ไทย,รับจ้าง,บึงกาฬ,บึงกาฬ,18 ส.ค. 68
126,VP01271,กรมประมง,-,-,081-592-6392,เงินสด,18 ส.ค. 68,B107,ไทย,รับจ้าง,บึงกาฬ,บึงกาฬ,19 ส.ค. 68
127,VP01272,นาย นันฑิตา,-,-,064-6266-016,เงินสด,18 ส.ค. 68,A106,ไทย,รับจ้าง,บึงกาฬ,บึงกาฬ,19 ส.ค. 68
128,VP01273,อภิญญา,-,1539900814294,092-4520-992,เงินโอน QR,18 ส.ค. 68,B101,ไทย,รับจ้าง,บึงกาฬ,บึงกาฬ,19 ส.ค. 68
130,VP01274,ศศิพร,-,-,082-2054-703,เงินสด,18 ส.ค. 68,B109,ไทย,รับจ้าง,บึงกาฬ,บึงกาฬ,19 ส.ค. 68
131,VP01275,ดารินทร์,-,-,063-7963-382,เงินโอน QR,18 ส.ค. 68,B110,ไทย,รับจ้าง,บึงกาฬ,บึงกาฬ,19 ส.ค. 68
132,VP01276,จีรวัฒน์ ชฎาทอง,-,-,-,เงินโอน QR,18 ส.ค. 68,A105,ไทย,รับจ้าง,บึงกาฬ,บึงกาฬ,19 ส.ค. 68
133,VP01277,ประวิทย์,-,-,087-8985-543,เงินโอน QR,18 ส.ค. 68,A107,ไทย,รับจ้าง,บึงกาฬ,บึงกาฬ,19 ส.ค. 68
134,VP01278,แทนรัก,-,-,081-0700-537,เงินสด,19 ส.ค. 68,A106,ไทย,รับจ้าง,บึงกาฬ,บึงกาฬ,20 ส.ค. 68
135,VP01279,อรรณพ ลอนชา,-,-,095-7852-257,เงินโอน QR,19 ส.ค. 68,A104,ไทย,รับจ้าง,บึงกาฬ,บึงกาฬ,20 ส.ค. 68
136,VP01280,วิชัย ศรีมาลา,-,-,084-3628-471,เงินโอน QR,19 ส.ค. 68,B103,ไทย,รับจ้าง,บึงกาฬ,บึงกาฬ,20 ส.ค. 68
137,VP01281,สิรภพ สีพรม,-,-,082-6815-568,เงินสด,19 ส.ค. 68,B107,ไทย,รับจ้าง,บึงกาฬ,บึงกาฬ,20 ส.ค. 68
138,VP01282,ธนพิทักษ์ อุปชัย,-,-,095-9904-661,เงินสด,19 ส.ค. 68,B107,ไทย,รับจ้าง,บึงกาฬ,บึงกาฬ,20 ส.ค. 68
139,VP01283,คุณธีระ,-,-,085-6672-260,เงินสด,19 ส.ค. 68,B109,ไทย,รับจ้าง,บึงกาฬ,บึงกาฬ,20 ส.ค. 68
140,VP01284,คุณหนึ่ง,-,-,097-0151-712,เงินโอน QR,19 ส.ค. 68,B104,ไทย,รับจ้าง,บึงกาฬ,บึงกาฬ,20 ส.ค. 68
141,VP01285,รุ่งนภา บัวโอกาส,-,-,099-1846-116,เงินสด,19 ส.ค. 68,B106,ไทย,รับจ้าง,บึงกาฬ,บึงกาฬ,20 ส.ค. 68
142,VP01286,บริษัท บิ๊ก วัน อินเตอร์เทรด จำกัด,49/484 หมู่ที่ 4 ตำบลโคกขาม อำเภอเมืองสมุทรสาคร จ.สมุทรสาคร 74000,105551130478,-,เงินโอน QR,20 ส.ค. 68,N3,ไทย,รับจ้าง,บึงกาฬ,บึงกาฬ,21 ส.ค. 68
143,VP01287,สามรวมมิตร,-,-,061-3632-244,เงินโอน QR,21 ส.ค. 68,A107,ไทย,รับจ้าง,บึงกาฬ,บึงกาฬ,22 ส.ค. 68
144,VP01288,สมชาย,-,-,092-2812-637,เงินโอน QR,21 ส.ค. 68,B105,ไทย,รับจ้าง,บึงกาฬ,บึงกาฬ,22 ส.ค. 68
145,VP01289,ปพิชญา นุสน,-,-,-,เงินสด,21 ส.ค. 68,N4,ไทย,รับจ้าง,บึงกาฬ,บึงกาฬ,22 ส.ค. 68
146,VP01290,ณัฐวัฒน์,-,-,098-0389-895,เงินโอน QR,21 ส.ค. 68,B107,ไทย,รับจ้าง,บึงกาฬ,บึงกาฬ,22 ส.ค. 68
147,VP01291,น.ส.ณัฐฌา,-,-,098-3982-512,เงินโอน QR,21 ส.ค. 68,A104,ไทย,รับจ้าง,บึงกาฬ,บึงกาฬ,22 ส.ค. 68
148,VP01292,วัชระ  พรหม,-,-,085-6520-193,เงินสด,21 ส.ค. 68,A105,ไทย,รับจ้าง,บึงกาฬ,บึงกาฬ,22 ส.ค. 68
149,VP01293,คุณศรชัย,-,-,088-7904-698,เงินสด,21 ส.ค. 68,A104,ไทย,รับจ้าง,บึงกาฬ,บึงกาฬ,22 ส.ค. 68
150,VP01294,ศรัณย์ รื่นรมย์,-,-,089-7988-111,เงินสด,21 ส.ค. 68,B106,ไทย,รับจ้าง,บึงกาฬ,บึงกาฬ,22 ส.ค. 68
151,VP01295,วิชิต ผิวขวา,-,-,093-1011-155,เงินโอน QR,21 ส.ค. 68,A109,ไทย,รับจ้าง,บึงกาฬ,บึงกาฬ,22 ส.ค. 68
152,VP01296,ถิรายุ,-,-,083-8135-668,เงินสด,22 ส.ค. 68,B107,ไทย,รับจ้าง,บึงกาฬ,บึงกาฬ,23 ส.ค. 68
153,VP01297,กฤษฎา,-,-,062-1170-080,เงินโอน QR,22 ส.ค. 68,A106,ไทย,รับจ้าง,บึงกาฬ,บึงกาฬ,23 ส.ค. 68
154,VP01298,วิรัตน์,-,-,082-1141-788,เงินโอน QR,22 ส.ค. 68,B107,ไทย,รับจ้าง,บึงกาฬ,บึงกาฬ,23 ส.ค. 68
155,VP01299,นาย สมใจ บุญส่ง,-,-,089-5327-017,เงินโอน QR,22 ส.ค. 68,A110,ไทย,รับจ้าง,บึงกาฬ,บึงกาฬ,23 ส.ค. 68
156,VP01300,รถน้ำส้ม,-,-,-,เงินสด,22 ส.ค. 68,A102,ไทย,รับจ้าง,บึงกาฬ,บึงกาฬ,23 ส.ค. 68
157,VP01301,สงกรานต์,-,-,065-5987-445,เงินโอน QR,22 ส.ค. 68,B108,ไทย,รับจ้าง,บึงกาฬ,บึงกาฬ,23 ส.ค. 68
158,VP01302,ธเนศ,-,-,063-7305-666,เงินโอน QR,22 ส.ค. 68,A104,ไทย,รับจ้าง,บึงกาฬ,บึงกาฬ,23 ส.ค. 68
159,VP01303,เกรียงศักดิ์,-,-,098-5341-312,เงินสด,22 ส.ค. 68,B106,ไทย,รับจ้าง,บึงกาฬ,บึงกาฬ,23 ส.ค. 68
160,VP01304,เพ็ญระพร,-,-,097-1426-523,เงินสด,22 ส.ค. 68,B109,ไทย,รับจ้าง,บึงกาฬ,บึงกาฬ,23 ส.ค. 68
161,VP01305,สังวาล,-,-,083-4211-303,เงินสด,23 ส.ค. 68,B110,ไทย,รับจ้าง,บึงกาฬ,บึงกาฬ,24 ส.ค. 68
162,VP01306,อนุชิิต,,,061-2598-988,เงินโอน QR,23 ส.ค. 68,A105,ไทย,รับจ้าง,บึงกาฬ,บึงกาฬ,24 ส.ค. 68
163,VP01307,บริษัท ตระกลูชัย,-,-,089-5699-346,เงินสด,23 ส.ค. 68,A107,ไทย,รับจ้าง,บึงกาฬ,บึงกาฬ,24 ส.ค. 68
164,VP01308,คมไพสิฐ,-,-,096-1757-237,เงินโอน QR,23 ส.ค. 68,A106,ไทย,รับจ้าง,บึงกาฬ,บึงกาฬ,24 ส.ค. 68
165,VP01309,คุณปั่น,-,-,086-4666-146,เงินโอน QR,23 ส.ค. 68,A104,ไทย,รับจ้าง,บึงกาฬ,บึงกาฬ,24 ส.ค. 68
166,VP01310,เสกศักดิ์,-,-,089-5699-346,เงินโอน QR,23 ส.ค. 68,B103,ไทย,รับจ้าง,บึงกาฬ,บึงกาฬ,24 ส.ค. 68
167,VP01311,สนธยา,-,-,080-8192-542,เงินสด,23 ส.ค. 68,B107,ไทย,รับจ้าง,บึงกาฬ,บึงกาฬ,24 ส.ค. 68
168,VP01312,กัลยากร,-,-,083-1800-908,เงินโอน QR,23 ส.ค. 68,B107,ไทย,รับจ้าง,บึงกาฬ,บึงกาฬ,24 ส.ค. 68
169,VP01313,ธวัช,-,-,084-1793-723,เงินโอน QR,23 ส.ค. 68,B109,ไทย,รับจ้าง,บึงกาฬ,บึงกาฬ,24 ส.ค. 68
170,VP01314,นายธิติพงษ์ จรินร์โคตร,-,1410100067322,080-4651-451,เงินสด,23 ส.ค. 68,B109,ไทย,รับจ้าง,บึงกาฬ,บึงกาฬ,24 ส.ค. 68
171,VP01315,ศศิธร  สามา,-,-,094-2915-946,เงินสด,23 ส.ค. 68,B110,ไทย,รับจ้าง,บึงกาฬ,บึงกาฬ,24 ส.ค. 68
172,VP01316,ชัยโย,-,-,088-1119-753,เงินสด,24 ส.ค. 68,A105,ไทย,รับจ้าง,บึงกาฬ,บึงกาฬ,25 ส.ค. 68
173,VP01317,น้ำจิ้มคุณนิด,-,-,-,เงินโอน QR,24 ส.ค. 68,A107,ไทย,รับจ้าง,บึงกาฬ,บึงกาฬ,25 ส.ค. 68
174,VP01318,นรเสฎธิ์  ไหล่จิตรภาชัยกร,-,-,083-3333-811,เงินสด,24 ส.ค. 68,A106,ไทย,รับจ้าง,บึงกาฬ,บึงกาฬ,25 ส.ค. 68
175,VP01319,ยุวดี  อุบลแก้ว,-,-,085-4856-611,เงินโอน QR,25 ส.ค. 68,A104,ไทย,รับจ้าง,บึงกาฬ,บึงกาฬ,26 ส.ค. 68
176,VP01320,เศตวรรต  ไชยสุระ,-,-,064-4201-785,เงินโอน QR,25 ส.ค. 68,B103,ไทย,รับจ้าง,บึงกาฬ,บึงกาฬ,26 ส.ค. 68
177,VP01321,ประดิษฐ์,-,-,098-4880-344,เงินโอน QR,25 ส.ค. 68,B107,ไทย,รับจ้าง,บึงกาฬ,บึงกาฬ,26 ส.ค. 68
178,VP01322,ภาคิน,-,-,098-9053-956,เงินสด,26 ส.ค. 68,B107,ไทย,รับจ้าง,บึงกาฬ,บึงกาฬ,27 ส.ค. 68
179,VP01323,อภิรมศักดิ์  สุขะ,-,-,098-9619-429,เงินโอน QR,26 ส.ค. 68,B109,ไทย,รับจ้าง,บึงกาฬ,บึงกาฬ,27 ส.ค. 68
180,VP01324,มณีรัตน์,-,-,083-3343-541,เงินโอน QR,26 ส.ค. 68,B109,ไทย,รับจ้าง,บึงกาฬ,บึงกาฬ,27 ส.ค. 68
181,VP01325,ครรชิต,-,-,093-1634-257,เงินสด,26 ส.ค. 68,B110,ไทย,รับจ้าง,บึงกาฬ,บึงกาฬ,27 ส.ค. 68
182,VP01326,พุทธิพงศ์,-,-,-,เงินสด,26 ส.ค. 68,A105,ไทย,รับจ้าง,บึงกาฬ,บึงกาฬ,27 ส.ค. 68
183,VP01327,อรรถวิชญ์  จรถวิล,-,-,064-6767-675,เงินสด,26 ส.ค. 68,A107,ไทย,รับจ้าง,บึงกาฬ,บึงกาฬ,27 ส.ค. 68
184,VP01328,มังกร,-,1321000125347,087-2153-411,เงินโอน QR,27 ส.ค. 68,A106,ไทย,รับจ้าง,บึงกาฬ,บึงกาฬ,28 ส.ค. 68
185,VP01329,กิตติศักดิ์,-,-,064-5935-847,เงินสด,27 ส.ค. 68,A104,ไทย,รับจ้าง,บึงกาฬ,บึงกาฬ,28 ส.ค. 68
186,VP01330,บุญเกิด,-,-,090-3525-606,เงินโอน QR,27 ส.ค. 68,B103,ไทย,รับจ้าง,บึงกาฬ,บึงกาฬ,28 ส.ค. 68
187,VP01331,คุณอนงค์,-,-,080-5277-588,เงินโอน QR,28 ส.ค. 68,A105,ไทย,รับจ้าง,บึงกาฬ,บึงกาฬ,29 ส.ค. 68
188,VP01332,ศิรินทิพย์   ทวี,-,-,098-9611-336,เงินโอน QR,28 ส.ค. 68,A104,ไทย,รับจ้าง,บึงกาฬ,บึงกาฬ,29 ส.ค. 68
189,VP01333,ศรินญา,-,-,092-2149-818,เงินสด,29 ส.ค. 68,B106,ไทย,รับจ้าง,บึงกาฬ,บึงกาฬ,30 ส.ค. 68
190,VP01334,วุฒิชัย  เศษรักษา,-,-,098-6460-740,เงินโอน QR,30 ส.ค. 68,A109,ไทย,รับจ้าง,บึงกาฬ,บึงกาฬ,31 ส.ค. 68
191,VP01335,อาทิตย์ กองกาณ,-,-,098-6773-611,เงินโอน QR,30 ส.ค. 68,B107,ไทย,รับจ้าง,บึงกาฬ,บึงกาฬ,31 ส.ค. 68
192,VP01336,พรรณรัตน์,-,-,063-1508-917,เงินสด,31 ส.ค. 68,A106,ไทย,รับจ้าง,บึงกาฬ,บึงกาฬ,01 ก.ย. 68
193,VP01337,น.ส.ธิติมา พิมปัดชา,159 ม.5 ต.ท่าดอกคำ อ.บึงโขลหลง จ.บึงกาฬ,1470600071159,087-9492-420,เงินสด,01 ก.ย. 68,B107,ไทย,รับจ้าง,บึงกาฬ,บึงกาฬ,02 ก.ย. 68
194,VP01338,อิสริยะ ภูนาเมือง,,,061-1342-115,เงินสด,01 ก.ย. 68,B201,ไทย,รับจ้าง,บึงกาฬ,บึงกาฬ,02 ก.ย. 68
195,VP01339,จีรนันท์ มงคลเสริม,,,092-5494-715,เงินสด,02 ก.ย. 68,B202,ไทย,รับจ้าง,บึงกาฬ,บึงกาฬ,03 ก.ย. 68
196,VP01340,นายประเวศ สาคี,74 ม.3 ต.นาคูณใหญ่ อ.นาหว่า จ.นครพนม,3480900365383,062-1461-060,เงินสด,03 ก.ย. 68,B203,ไทย,รับจ้าง,บึงกาฬ,บึงกาฬ,04 ก.ย. 68
197,VP01341,GUBEW,,,099-1175-368,เงินสด,02 ก.ย. 68,B204,ไทย,รับจ้าง,บึงกาฬ,บึงกาฬ,03 ก.ย. 68
198,VP01342,เอกนกร โสมอินทร์,,,098-5911-225,เงินสด,02 ก.ย. 68,B205,ไทย,รับจ้าง,บึงกาฬ,บึงกาฬ,03 ก.ย. 68
199,VP01343,ตุ๊ก,,,094-3915-946,เงินสด,02 ก.ย. 68,B206,ไทย,รับจ้าง,บึงกาฬ,บึงกาฬ,03 ก.ย. 68
200,VP01344,ธาราธร,,,-,เงินสด,02 ก.ย. 68,B207,ไทย,รับจ้าง,บึงกาฬ,บึงกาฬ,03 ก.ย. 68
201,VP01345,นายพิชิชัย,,,080-0138-270,เงินโอน QR,02 ก.ย. 68,A111,ไทย,รับจ้าง,บึงกาฬ,บึงกาฬ,03 ก.ย. 68
202,VP01346,บริษัท สยามคาร์เรนท์ จำกัด,9/333 ซอยรัชดาภิเษก 33 ถนนรัชดาภิเษก แขวงจตุจักร เขตจตุจักร กรุงเทพมหานคร 10900,105545076084,,เงินโอน QR,02 ก.ย. 68,B107,ไทย,รับจ้าง,บึงกาฬ,บึงกาฬ,03 ก.ย. 68
203,VP01347,บริษัท สยามสเคป จำกัด,59/6 หมู่ที่ 2 ตำบลเกาะพะงัน อำเภอเกาะพะงัน จ.สุราษฎร์ธานี 84280,845566002229,,เงินโอน QR,03 ก.ย. 68,B105,ไทย,รับจ้าง,บึงกาฬ,บึงกาฬ,04 ก.ย. 68
204,VP01348,อภิชัย,,,,เงินสด,03 ก.ย. 68,B106,ไทย,รับจ้าง,บึงกาฬ,บึงกาฬ,04 ก.ย. 68
205,VP01349,ชวลิต เข็มศิริ,,,086-8585-674,เงินโอน QR,03 ก.ย. 68,A107,ไทย,รับจ้าง,บึงกาฬ,บึงกาฬ,04 ก.ย. 68
206,VP01350,คุณกิ้,,,084-3304-040,เงินโอน QR,03 ก.ย. 68,A108,ไทย,รับจ้าง,บึงกาฬ,บึงกาฬ,04 ก.ย. 68
207,VP01351,น.ส.นภาวรรณ ถานัน,170 ม.8 ต.ปากคาด อ.ปากคาด บึงกาฬ,1431000175388,,เงินสด,03 ก.ย. 68,B107,ไทย,รับจ้าง,บึงกาฬ,บึงกาฬ,04 ก.ย. 68
208,VP01352,จิตสุภา เจริญพันธ์,,,096-0673-804,เงินสด,03 ก.ย. 68,N4,ไทย,รับจ้าง,บึงกาฬ,บึงกาฬ,04 ก.ย. 68
209,VP01353,ชณัฐษิกาญจน์ สิงห์ทอง,,,098-8398-854,เงินสด,04 ก.ย. 68,B108,ไทย,รับจ้าง,บึงกาฬ,บึงกาฬ,05 ก.ย. 68
210,VP01354,คุณอ้น,,,,เงินโอน QR,04 ก.ย. 68,A102,ไทย,รับจ้าง,บึงกาฬ,บึงกาฬ,05 ก.ย. 68
211,VP01146,เซาวลิต,-,-,098-7991-839,เงินสด,02 ส.ค. 68,A111,ไทย,รับจ้าง,บึงกาฬ,บึงกาฬ,03 ส.ค. 68
212,VP01147,เหนือฟ้า,-,-,064-3586-160,เงินโอน QR,02 ส.ค. 68,B107,ไทย,รับจ้าง,บึงกาฬ,บึงกาฬ,03 ส.ค. 68
213,VP01148,ทวีศักดิ์,-,-,082-8389-843,เงินโอน QR,02 ส.ค. 68,B105,ไทย,รับจ้าง,บึงกาฬ,บึงกาฬ,03 ส.ค. 68
214,VP01149,สุริยันห์  ยิ่งลาท,-,-,092-5202-651,เงินสด,03 ส.ค. 68,B106,ไทย,รับจ้าง,บึงกาฬ,บึงกาฬ,04 ส.ค. 68
215,VP01150,วีระยุทธ  วีระกร,-,-,064-5919-705,เงินสด,03 ส.ค. 68,A105,ไทย,รับจ้าง,บึงกาฬ,บึงกาฬ,04 ส.ค. 68
216,VP01151,ดวงฤดี ธนพรรัชต์,-,-,092-8067-515,เงินสด,03 ส.ค. 68,A106,ไทย,รับจ้าง,บึงกาฬ,บึงกาฬ,04 ส.ค. 68
217,VP01152,ณัฐวุฒิ โพธิ์สว่าง,-,-,088-5605-004,เงินโอน QR,03 ส.ค. 68,B106,ไทย,รับจ้าง,บึงกาฬ,บึงกาฬ,04 ส.ค. 68
218,VP01153,อภิชาติ,-,-,082-2474-822,เงินสด,03 ส.ค. 68,N3,ไทย,รับจ้าง,บึงกาฬ,บึงกาฬ,04 ส.ค. 68
219,VP01154,วุฒิชัย เศษรักษา,-,-,098-6460-740,เงินโอน QR,04 ส.ค. 68,B107,ไทย,รับจ้าง,บึงกาฬ,บึงกาฬ,05 ส.ค. 68
220,VP01355,บริษัท แพลน บี มีเดีย จำกัด (มหาชน),1700 อาคารแพลน บี ทาวเวอร์ ถนนเพชรบุรีตัดใหม่ แขวงมักกะสัน เขตราชเทวี กรุงเทพมหานคร 10400,10755-6000-507,,เงินสด,04 ก.ย. 68,B103,ไทย,รับจ้าง,บึงกาฬ,บึงกาฬ,05 ก.ย. 68
221,VP01356,บริษัท ดีเคเอสเอช (ประเทศไทย) จำกัด,2533 ถนนสุขุมวิท แขวงบางจาก เขตพระโขนง กรุงเทพมหานคร 10260,105523002118,,เงินโอน QR,04 ก.ย. 68,A103,ไทย,รับจ้าง,บึงกาฬ,บึงกาฬ,05 ก.ย. 68
222,VP01357,รภน้ำส้ม,,,,เงินโอน QR,04 ก.ย. 68,A102,ไทย,รับจ้าง,บึงกาฬ,บึงกาฬ,05 ก.ย. 68
223,VP01358,บริษัท มนต์ทรานสปอร์ต จำกัด,9/111 อาคารยูเอ็มทาวเวอร์ ชั้น 11 ถนนรามคำแหง แขวงสวนหลวง เขตสวนหลวง กรุงเทพมหานคร 10250,10553-9030-507,,เงินโอน QR,04 ก.ย. 68,A101,ไทย,รับจ้าง,บึงกาฬ,บึงกาฬ,05 ก.ย. 68
224,VP01359,คุณสิทธิ์,,,065-0786-675,เงินสด,05 ก.ย. 68,N7,ไทย,รับจ้าง,บึงกาฬ,บึงกาฬ,06 ก.ย. 68
225,VP01360,ณัชพล สุทธิโสรณ,,,080-1589-565,เงินโอน QR,05 ก.ย. 68,B108,ไทย,รับจ้าง,บึงกาฬ,บึงกาฬ,06 ก.ย. 68
226,VP01361,ฟ้า,,,080-1805-376,เงินโอน QR,05 ก.ย. 68,B107,ไทย,รับจ้าง,บึงกาฬ,บึงกาฬ,06 ก.ย. 68
227,VP01362,ปองทิพย์ สุขเป้ง,,,097-2986-683,เงินสด,05 ก.ย. 68,B109,ไทย,รับจ้าง,บึงกาฬ,บึงกาฬ,06 ก.ย. 68
228,VP01363,มนต์เทียน  ช่างเตี้ย,,,,เงินสด,05 ก.ย. 68,A106,ไทย,รับจ้าง,บึงกาฬ,บึงกาฬ,06 ก.ย. 68
229,VP01364,ชลิต,,,093-1628-669,เงินสด,05 ก.ย. 68,B106,ไทย,รับจ้าง,บึงกาฬ,บึงกาฬ,06 ก.ย. 68
230,VP01365,บริษัท สยาม ไฮเอท เทคโนโลยี จำกัด,98/24 หมู่ที่ 11 ซอยแฟคตอรี่แลนด์ 2 ถนนพุทธมณฑลสาย 5 ตำบลไร่ขิง อำเภอสามพราน จ.นครปฐม 73210,205548026478,,เงินโอน QR,06 ก.ย. 68,A104,ไทย,รับจ้าง,บึงกาฬ,บึงกาฬ,07 ก.ย. 68
231,VP01366,เอกชัย จินมา,,,098-3314-342,เงินสด,06 ก.ย. 68,N1,ไทย,รับจ้าง,บึงกาฬ,บึงกาฬ,07 ก.ย. 68
232,VP01367,บริษัท พีรพัฒน์ เทคโนโลยี จำกัด (มหาชน),406 ถนนรัชดาภิเษก แขวงสามเสนนอก เขตห้วยขวาง กรุงเทพมหานคร 10310,107551000231,,เงินโอน QR,06 ก.ย. 68,A103,ไทย,รับจ้าง,บึงกาฬ,บึงกาฬ,07 ก.ย. 68
233,VP01368,ทวีทรัพย์ ไตรณรงค์,,,080-9918-816,เงินโอน QR,06 ก.ย. 68,A102,ไทย,รับจ้าง,บึงกาฬ,บึงกาฬ,07 ก.ย. 68
234,VP01369,บริษัท สหชัย (ประเทศไทย) จำกัด,6/55 หมู่ที่ 5 ตำบลลาดสวาย อำเภอลำลูกกา จ.ปทุมธานี 12150,135557010539,,เงินโอน QR,06 ก.ย. 68,A101,ไทย,รับจ้าง,บึงกาฬ,บึงกาฬ,07 ก.ย. 68
235,VP01370,บริษัท ผกาวรรณ เทรดดิ้ง จำกัด,505 หมู่ที่ 1 ตำบลหนองนาคำ อำเภอเมืองอุดรธานี จ.อุดรธานี 41000,415554000955,,เงินสด,06 ก.ย. 68,B107,ไทย,รับจ้าง,บึงกาฬ,บึงกาฬ,07 ก.ย. 68
236,VP01371,บริษัท เอส ซี เค คอนสตรัคชั่นแอนด์เอ็นจิเนียริ่ง จำกัด,95/91 ถนนสุวินทวงศ์ แขวงมีนบุรี เขตมีนบุรี กรุงเทพมหานคร 10510,115556014913,,เงินโอน QR,07 ก.ย. 68,A106,ไทย,รับจ้าง,บึงกาฬ,บึงกาฬ,08 ก.ย. 68
237,VP01372,บริษัท ทีเคซี ไพรม์ ไทร์ จำกัด,222 หมู่ที่ 15 ถนนพิศาลสารกิจ ตำบลพันดอน อำเภอกุมภวาปี จ.อุดรธานี 41370,415558001425,,เงินโอน QR,07 ก.ย. 68,B101,ไทย,รับจ้าง,บึงกาฬ,บึงกาฬ,08 ก.ย. 68
238,VP01373,สวภณ วงศ์กองแก้ว,,,062-6455-832,เงินสด,07 ก.ย. 68,B109,ไทย,รับจ้าง,บึงกาฬ,บึงกาฬ,08 ก.ย. 68
239,VP01374,ร.ต.ท. สุรพล ถาวงศ์พันธ์,,,095-2362-066,เงินสด,07 ก.ย. 68,B110,ไทย,รับจ้าง,บึงกาฬ,บึงกาฬ,08 ก.ย. 68
240,VP01375,บริษัท แอสเซนด์ กรุ๊ป จำกัด,101 ทรู ดิจิทัล พาร์ค อาคารฟีนิกซ์ ชั้น 9-10 ถนนสุขุมวิท แขวงบางจาก เขตพระโขนง กรุงเทพมหานคร 10260,105558096445,,เงินสด,07 ก.ย. 68,A105,ไทย,รับจ้าง,บึงกาฬ,บึงกาฬ,08 ก.ย. 68
241,VP01376,สนธยา สุดาทิพย์,,,080-8192-542,เงินโอน QR,07 ก.ย. 68,A107,ไทย,รับจ้าง,บึงกาฬ,บึงกาฬ,08 ก.ย. 68
242,VP01377,บริษัท เอฟเวอเรสท์ เท็กซ์ไทล์ (ประเทศไทย) จำกัด,898 อาคารเพลินจิตทาวเวอร์ ชั้น 13 ถนนเพลินจิต แขวงลุมพินี เขตปทุมวัน กรุงเทพมหานคร 10330,705541000266,,เงินสด,08 ก.ย. 68,A106,ไทย,รับจ้าง,บึงกาฬ,บึงกาฬ,09 ก.ย. 68
243,VP01378,วิทยาลัยเทคนิค  จ.หนองคาย,,,062-9614-917,เงินโอน QR,08 ก.ย. 68,A104,ไทย,รับจ้าง,บึงกาฬ,บึงกาฬ,09 ก.ย. 68
244,VP01379,คุณประเวศ สาดี,,,062-1461-060,เงินโอน QR,08 ก.ย. 68,B103,ไทย,รับจ้าง,บึงกาฬ,บึงกาฬ,09 ก.ย. 68
245,VP01380,มนตรี สุทธิเมทากุล,,,,เงินโอน QR,08 ก.ย. 68,B107,ไทย,รับจ้าง,บึงกาฬ,บึงกาฬ,09 ก.ย. 68
246,VP01381,บริษัท น้ำจิ้มคุณนิด จำกัด,201/1 ถนนนเรศวร ตำบลหมากแข้ง อำเภอเมืองอุดรธานี จ.อุดรธานี 41000,415550000357,,เงินสด,08 ก.ย. 68,B107,ไทย,รับจ้าง,บึงกาฬ,บึงกาฬ,09 ก.ย. 68
247,VP01382,บริษัท ธนวรรธน์การค้า จำกัด,45/6 ถนนอัษฎาธร ตำบลศรีภูมิ อำเภอเมืองเชียงใหม่ จ.เชียงใหม่ 50200,505554001624,,เงินโอน QR,08 ก.ย. 68,B109,ไทย,รับจ้าง,บึงกาฬ,บึงกาฬ,09 ก.ย. 68
248,VP01383,ชาญชัย,,,099-6175-516,เงินโอน QR,09 ก.ย. 68,B104,ไทย,รับจ้าง,บึงกาฬ,บึงกาฬ,10 ก.ย. 68
249,VP01384,ฉัตรชัย มุกตรี,,,095-8812-569,เงินสด,09 ก.ย. 68,B106,ไทย,รับจ้าง,บึงกาฬ,บึงกาฬ,10 ก.ย. 68
250,VP01385,บริษัท เวิลด์ ฟูดส์ อินเตอร์เนชั่นแนล จำกัด,60/2 หมู่ที่ 7 ซอยสินประสงค์ ถนนเพชรเกษม ตำบลอ้อมน้อย อำเภอกระทุ่มแบน จ.สมุทรสาคร 74130,745537000800,,เงินสด,09 ก.ย. 68,N3,ไทย,รับจ้าง,บึงกาฬ,บึงกาฬ,10 ก.ย. 68
251,VP01386,บริษัท เอสซีเค มอเตอร์ พาร์ท จำกัด,4 ซอยเพชรเกษม 51 แขวงหลักสอง เขตบางแค กรุงเทพมหานคร 10160,105536026878,,เงินสด,09 ก.ย. 68,A107,ไทย,รับจ้าง,บึงกาฬ,บึงกาฬ,10 ก.ย. 68
252,VP01387,บริษัท ไฮไฟ โอเรียนท์ ไทย จำกัด (มหาชน),83/161-162 ซอยงามวงศ์วาน 47 (ชินเขต 2) แขวงทุ่งสองห้อง เขตหลักสี่ กรุงเทพมหานคร 10210,107551000053,,เงินโอน QR,09 ก.ย. 68,B105,ไทย,รับจ้าง,บึงกาฬ,บึงกาฬ,10 ก.ย. 68
253,VP01388,ร้านใบหยก ค้าข้าว,,,062-5613-164,เงินสด,09 ก.ย. 68,N4,ไทย,รับจ้าง,บึงกาฬ,บึงกาฬ,10 ก.ย. 68
254,VP01389,ประเวส  สาดี,,,,เงินโอน QR,09 ก.ย. 68,B107,ไทย,รับจ้าง,บึงกาฬ,บึงกาฬ,10 ก.ย. 68
255,VP01390,คุณเมย์,,,,เงินโอน QR,09 ก.ย. 68,A104,ไทย,รับจ้าง,บึงกาฬ,บึงกาฬ,10 ก.ย. 68
256,VP01391,หนูนา,,,,เงินโอน QR,10 ก.ย. 68,A105,ไทย,รับจ้าง,บึงกาฬ,บึงกาฬ,11 ก.ย. 68
257,VP01392,อนุวัฒน์,,,083-9567-448,เงินสด,10 ก.ย. 68,A104,ไทย,รับจ้าง,บึงกาฬ,บึงกาฬ,11 ก.ย. 68
258,VP01393,วิทยาลัยเทคนิค  จ. เลย,,,,เงินโอน QR,10 ก.ย. 68,B106,ไทย,รับจ้าง,บึงกาฬ,บึงกาฬ,11 ก.ย. 68
259,VP01394,คุณสุกิต,,,,เงินโอน QR,10 ก.ย. 68,A109,ไทย,รับจ้าง,บึงกาฬ,บึงกาฬ,11 ก.ย. 68
260,VP01395,วิทยาลัยอาชีวะ  จ.อุดรธานี,,,,เงินสด,10 ก.ย. 68,B107,ไทย,รับจ้าง,บึงกาฬ,บึงกาฬ,11 ก.ย. 68
261,VP01396,ภัทรากร แก้วศิริ,,,062-8736-944,เงินสด,10 ก.ย. 68,A106,ไทย,รับจ้าง,บึงกาฬ,บึงกาฬ,11 ก.ย. 68
262,VP01397,คุณพลอย,,,095-2411-669,เงินสด,10 ก.ย. 68,B107,ไทย,รับจ้าง,บึงกาฬ,บึงกาฬ,11 ก.ย. 68
263,VP01398,บริษัท ศิเทค จำกัด,30 ซอยกรุงเทพกรีฑา 20 แขวงทับช้าง เขตสะพานสูง กรุงเทพมหานคร 10250,105533129722,,เงินโอน QR,10 ก.ย. 68,A110,ไทย,รับจ้าง,บึงกาฬ,บึงกาฬ,11 ก.ย. 68
264,VP01399,บริษัท วรรณธน ดี.ซี จำกัด,25/1 หมู่ที่ 3 ตำบลหนองบัว อำเภอเมืองอุดรธานี จ.อุดรธานี 41000,415566003504,,เงินสด,10 ก.ย. 68,A110,ไทย,รับจ้าง,บึงกาฬ,บึงกาฬ,11 ก.ย. 68
265,VP01400,ห้างหุ้นส่วนจำกัด วุฒิโชคเทรดดิ้ง,317 ซอยรัตนาธิเบศร์ 38 ตำบลบางกระสอ อำเภอเมืองนนทบุรี จังหวัดนนทบุรี 11000,123561002420,,เงินโอน QR,11 ก.ย. 68,B108,ไทย,รับจ้าง,บึงกาฬ,บึงกาฬ,12 ก.ย. 68
266,VP01401,นิทาวดี,,,095-6630-058,เงินโอน QR,11 ก.ย. 68,A104,ไทย,รับจ้าง,บึงกาฬ,บึงกาฬ,12 ก.ย. 68
267,VP01402,เกรียงไกร,,,083-2414-975,เงินโอน QR,11 ก.ย. 68,B106,ไทย,รับจ้าง,บึงกาฬ,บึงกาฬ,12 ก.ย. 68
268,VP01403,อธิชา น้อยอามาต์ย,,,093-1628-669,เงินสด,11 ก.ย. 68,A102,ไทย,รับจ้าง,บึงกาฬ,บึงกาฬ,12 ก.ย. 68
269,VP01404,มาดัน สิงห์,,,086-7963-129,เงินโอน QR,11 ก.ย. 68,A103,ไทย,รับจ้าง,บึงกาฬ,บึงกาฬ,12 ก.ย. 68
270,VP01405,ลุงวร,,,062-4635-168,เงินโอน QR,11 ก.ย. 68,B106,ไทย,รับจ้าง,บึงกาฬ,บึงกาฬ,12 ก.ย. 68
271,VP01406,คุณน้ำ,,,092-3186-289,เงินสด,11 ก.ย. 68,A103,ไทย,รับจ้าง,บึงกาฬ,บึงกาฬ,12 ก.ย. 68
272,VP01407,คุณณัฐพล,,,086-5331-517,เงินสด,11 ก.ย. 68,A107,ไทย,รับจ้าง,บึงกาฬ,บึงกาฬ,12 ก.ย. 68
273,VP01408,บริษัท ไพโอเนียร์ พรีซิสชั่น จำกัด,50/12 หมู่ที่ 4 ตำบลบ้านใหม่ อำเภอบางใหญ่ จ.นนทบุรี 11140,125554018466,,เงินสด,11 ก.ย. 68,A105,ไทย,รับจ้าง,บึงกาฬ,บึงกาฬ,12 ก.ย. 68
274,VP01409,สมุนไพรเจ๊ซิ๊ม,,,084-3033-740,เงินโอน QR,12 ก.ย. 68,B107,ไทย,รับจ้าง,บึงกาฬ,บึงกาฬ,13 ก.ย. 68
275,VP01410,นฤมล,,,081-4866-156,เงินสด,12 ก.ย. 68,A106,ไทย,รับจ้าง,บึงกาฬ,บึงกาฬ,13 ก.ย. 68
276,VP01411,บิ๊กวัน,,,088-5554-628,เงินโอน QR,12 ก.ย. 68,B101,ไทย,รับจ้าง,บึงกาฬ,บึงกาฬ,13 ก.ย. 68
277,VP01412,เจต,,,064-6270-963,เงินโอน QR,12 ก.ย. 68,A104,ไทย,รับจ้าง,บึงกาฬ,บึงกาฬ,13 ก.ย. 68
278,VP01413,มยุวดี,,,061-3364-025,เงินโอน QR,12 ก.ย. 68,A104,ไทย,รับจ้าง,บึงกาฬ,บึงกาฬ,13 ก.ย. 68
279,VP01414,บริษัท ทีชเทค จำกัด,109/110-111 ซอยซอยนวมินทร์ 74 แยก 3 ถนนนวมินทร์ แขวงคลองกุ่ม เขตบึงกุ่ม กรุงเทพมหานคร,105550005858,,เงินสด,12 ก.ย. 68,B102,ไทย,รับจ้าง,บึงกาฬ,บึงกาฬ,13 ก.ย. 68
280,VP01415,กิตติพัฒน์,,,063-205-6294,เงินโอน QR,12 ก.ย. 68,A105,ไทย,รับจ้าง,บึงกาฬ,บึงกาฬ,13 ก.ย. 68
281,VP01416,เทพรัชชัย เจริญทิศ,,,088-8740-569,เงินโอน QR,12 ก.ย. 68,A106,ไทย,รับจ้าง,บึงกาฬ,บึงกาฬ,13 ก.ย. 68
282,VP01417,จิรายุ,,,094-6144-325,เงินสด,12 ก.ย. 68,A107,ไทย,รับจ้าง,บึงกาฬ,บึงกาฬ,13 ก.ย. 68
283,VP01418,นวพล,,,098-9866-873,เงินสด,13 ก.ย. 68,B105,ไทย,รับจ้าง,บึงกาฬ,บึงกาฬ,14 ก.ย. 68
284,VP01419,ตามนต์,,,,เงินสด,13 ก.ย. 68,B108,ไทย,รับจ้าง,บึงกาฬ,บึงกาฬ,14 ก.ย. 68
285,VP01420,วรการต์,,,082-2570-894,เงินโอน QR,13 ก.ย. 68,B108,ไทย,รับจ้าง,บึงกาฬ,บึงกาฬ,14 ก.ย. 68
286,VP01421,มารุต,,,089-9121-739,เงินสด,13 ก.ย. 68,A108,ไทย,รับจ้าง,บึงกาฬ,บึงกาฬ,14 ก.ย. 68
287,VP01422,คุณติ๊ก,,,,เงินโอน QR,13 ก.ย. 68,A109,ไทย,รับจ้าง,บึงกาฬ,บึงกาฬ,14 ก.ย. 68
288,VP01423,อินดา,,,091-2293-979,เงินโอน QR,13 ก.ย. 68,B106,ไทย,รับจ้าง,บึงกาฬ,บึงกาฬ,14 ก.ย. 68
289,VP01424,บุญคุ้ม,,,,เงินโอน QR,13 ก.ย. 68,B109,ไทย,รับจ้าง,บึงกาฬ,บึงกาฬ,14 ก.ย. 68
290,VP01425,สมพงษ์,,,099-6455-686,เงินสด,13 ก.ย. 68,B108,ไทย,รับจ้าง,บึงกาฬ,บึงกาฬ,14 ก.ย. 68
291,VP01426,บริษัท เค.พี.เอส จำกัด,88 หมู่ที่ 8 ตำบลทรงธรรม อำเภอเมืองกำแพงเพชร จ.กำแพงเพชร 62000,625550000118,,เงินโอน QR,13 ก.ย. 68,A104,ไทย,รับจ้าง,บึงกาฬ,บึงกาฬ,14 ก.ย. 68
292,VP01427,ภัคจิรา กุมผล,,,085-7478-427,เงินโอน QR,13 ก.ย. 68,A105,ไทย,รับจ้าง,บึงกาฬ,บึงกาฬ,14 ก.ย. 68
293,VP01428,ศาสวัต อ้วนอินทร์,,,092-9927-666,เงินสด,14 ก.ย. 68,A111,ไทย,รับจ้าง,บึงกาฬ,บึงกาฬ,15 ก.ย. 68
294,VP01429,พิเชฐ,,,085-3037-501,เงินสด,14 ก.ย. 68,N1,ไทย,รับจ้าง,บึงกาฬ,บึงกาฬ,15 ก.ย. 68
295,VP01430,โกเมศ,,,082-5494-611,เงินสด,14 ก.ย. 68,N5,ไทย,รับจ้าง,บึงกาฬ,บึงกาฬ,15 ก.ย. 68
296,VP01431,ชริตา,,,083-8814-886,เงินโอน QR,14 ก.ย. 68,A107,ไทย,รับจ้าง,บึงกาฬ,บึงกาฬ,15 ก.ย. 68
297,VP01432,ทิติ,,,093-4074-048,เงินสด,14 ก.ย. 68,B104,ไทย,รับจ้าง,บึงกาฬ,บึงกาฬ,15 ก.ย. 68
298,VP01433,จิระศักดิ์,,,,เงินโอน QR,14 ก.ย. 68,A103,ไทย,รับจ้าง,บึงกาฬ,บึงกาฬ,15 ก.ย. 68
299,VP01434,ห้างหุ้นส่วนจำกัด เอส.ที.สเป็ค,15 ซอยนาคนิวาส 45 ถนนนาคนิวาส แขวงลาดพร้าว เขตลาดพร้าว กรุงเทพมหานคร 10230,103531012478,,เงินโอน QR,14 ก.ย. 68,B110,ไทย,รับจ้าง,บึงกาฬ,บึงกาฬ,15 ก.ย. 68
300,VP01435,ธัญมน,,,061-0702-482,เงินโอน QR,15 ก.ย. 68,A110,ไทย,รับจ้าง,บึงกาฬ,บึงกาฬ,16 ก.ย. 68
301,VP01436,ชีโร,,,,เงินสด,15 ก.ย. 68,A104,ไทย,รับจ้าง,บึงกาฬ,บึงกาฬ,16 ก.ย. 68
302,VP01437,เจษฎา,,,,เงินโอน QR,15 ก.ย. 68,B104,ไทย,รับจ้าง,บึงกาฬ,บึงกาฬ,16 ก.ย. 68
303,VP01438,คุณเมษา,,,,เงินโอน QR,15 ก.ย. 68,B103,ไทย,รับจ้าง,บึงกาฬ,บึงกาฬ,16 ก.ย. 68
304,VP01439,พิชิช,,,,เงินสด,15 ก.ย. 68,A103,ไทย,รับจ้าง,บึงกาฬ,บึงกาฬ,16 ก.ย. 68
305,VP01440,สุวิทย์,,,093-1625-588,เงินสด,15 ก.ย. 68,N4,ไทย,รับจ้าง,บึงกาฬ,บึงกาฬ,16 ก.ย. 68
306,VP01441,วิชัยยุทธ์,,,087-9781-098,เงินสด,16 ก.ย. 68,B110,ไทย,รับจ้าง,บึงกาฬ,บึงกาฬ,17 ก.ย. 68
307,VP01442,คุณโค๊ช,,,081-9626-145,เงินโอน QR,16 ก.ย. 68,A106,ไทย,รับจ้าง,บึงกาฬ,บึงกาฬ,17 ก.ย. 68
308,VP01443,คุณจุฑา,,,064-8173-770,เงินสด,16 ก.ย. 68,A111,ไทย,รับจ้าง,บึงกาฬ,บึงกาฬ,17 ก.ย. 68
309,VP01444,จีรศักดิ์,,,095-5364-576,เงินโอน QR,16 ก.ย. 68,A101,ไทย,รับจ้าง,บึงกาฬ,บึงกาฬ,17 ก.ย. 68
310,VP01445,วรพร,,,085-5400-552,เงินโอน QR,16 ก.ย. 68,A111,ไทย,รับจ้าง,บึงกาฬ,บึงกาฬ,17 ก.ย. 68
311,VP01446,นายธัญญารัตน์,,,082-0698-116,เงินโอน QR,16 ก.ย. 68,B107,ไทย,รับจ้าง,บึงกาฬ,บึงกาฬ,17 ก.ย. 68
312,VP01447,ธีรพงษ์ สนองเดช,,,062-9419-155,เงินสด,17 ก.ย. 68,B105,ไทย,รับจ้าง,บึงกาฬ,บึงกาฬ,18 ก.ย. 68
313,VP01448,ตรียากร,,,096-7843-811,เงินโอน QR,17 ก.ย. 68,B106,ไทย,รับจ้าง,บึงกาฬ,บึงกาฬ,18 ก.ย. 68
314,VP01449,ลุงสุพจน์,,,,เงินโอน QR,17 ก.ย. 68,A109,ไทย,รับจ้าง,บึงกาฬ,บึงกาฬ,18 ก.ย. 68
315,VP01450,ชินดนัย,,,064-3963-521,เงินสด,17 ก.ย. 68,A110,ไทย,รับจ้าง,บึงกาฬ,บึงกาฬ,18 ก.ย. 68
316,VP01451,คุณนุ้ย,,,087-7426-778,เงินสด,17 ก.ย. 68,B108,ไทย,รับจ้าง,บึงกาฬ,บึงกาฬ,18 ก.ย. 68
317,VP01452,ครูแอ๋ว,,,,เงินสด,17 ก.ย. 68,N5,ไทย,รับจ้าง,บึงกาฬ,บึงกาฬ,18 ก.ย. 68
318,VP01453,ธนเดช,,,089-8621-739,เงินโอน QR,18 ก.ย. 68,B109,ไทย,รับจ้าง,บึงกาฬ,บึงกาฬ,19 ก.ย. 68
319,VP01454,นายแสงจันทร์ โพธิ์คำพก,,,087-9068-863,เงินสด,18 ก.ย. 68,A102,ไทย,รับจ้าง,บึงกาฬ,บึงกาฬ,19 ก.ย. 68
320,VP01455,นาย สุทธิ์พงษ์ พรรษา,,,061-8994-796,เงินโอน QR,18 ก.ย. 68,B104,ไทย,รับจ้าง,บึงกาฬ,บึงกาฬ,19 ก.ย. 68
321,VP01456,ศิริลัดดา,,,,เงินโอน QR,18 ก.ย. 68,A101,ไทย,รับจ้าง,บึงกาฬ,บึงกาฬ,19 ก.ย. 68
322,VP01457,เอกชัย,,,095-6630-055,เงินโอน QR,18 ก.ย. 68,A101,ไทย,รับจ้าง,บึงกาฬ,บึงกาฬ,19 ก.ย. 68
323,VP01458,ปริวัตร ภักดีแก้ว,,,098-12746-186,เงินสด,18 ก.ย. 68,A102,ไทย,รับจ้าง,บึงกาฬ,บึงกาฬ,19 ก.ย. 68
324,VP01459,จุฑาทิพย์ พารโท,,,098-1624-850,เงินโอน QR,19 ก.ย. 68,N2,ไทย,รับจ้าง,บึงกาฬ,บึงกาฬ,20 ก.ย. 68
325,VP01460,พิมรภัชร,,,095-5594-900,เงินโอน QR,19 ก.ย. 68,B108,ไทย,รับจ้าง,บึงกาฬ,บึงกาฬ,20 ก.ย. 68
326,VP01461,นันทิพร,,,081-1259-283,เงินสด,19 ก.ย. 68,B107,ไทย,รับจ้าง,บึงกาฬ,บึงกาฬ,20 ก.ย. 68
327,VP01462,นิวัชร์,,,081-8722-434,เงินสด,19 ก.ย. 68,B109,ไทย,รับจ้าง,บึงกาฬ,บึงกาฬ,20 ก.ย. 68
328,VP01463,กรมพัฒนาฝีมือแรงงาน,,,,เงินสด,19 ก.ย. 68,A107,ไทย,รับจ้าง,บึงกาฬ,บึงกาฬ,20 ก.ย. 68
329,VP01464,ทองศักดิ์,,,096-9705-633,เงินโอน QR,19 ก.ย. 68,B107,ไทย,รับจ้าง,บึงกาฬ,บึงกาฬ,20 ก.ย. 68
330,VP01465,นรินทร์,,,082-6417-213,เงินสด,19 ก.ย. 68,A105,ไทย,รับจ้าง,บึงกาฬ,บึงกาฬ,20 ก.ย. 68
331,VP01466,พัฒนพงษ์,,,095-7538-038,เงินโอน QR,19 ก.ย. 68,N3,ไทย,รับจ้าง,บึงกาฬ,บึงกาฬ,20 ก.ย. 68
332,VP01467,อรอุมา,,,084-0259-701,เงินโอน QR,19 ก.ย. 68,A103,ไทย,รับจ้าง,บึงกาฬ,บึงกาฬ,20 ก.ย. 68
333,VP01468,ปิยมาศ,,,061-4831-749,เงินโอน QR,19 ก.ย. 68,A104,ไทย,รับจ้าง,บึงกาฬ,บึงกาฬ,20 ก.ย. 68
334,VP01469,ธนพล,,,081-5064-081,เงินสด,19 ก.ย. 68,A105,ไทย,รับจ้าง,บึงกาฬ,บึงกาฬ,20 ก.ย. 68
335,VP01470,เมธาพร,,,084-4784-918,เงินโอน QR,19 ก.ย. 68,B108,ไทย,รับจ้าง,บึงกาฬ,บึงกาฬ,20 ก.ย. 68
336,VP01471,ภูรินทร์,,,099-4102-494,เงินโอน QR,20 ก.ย. 68,A107,ไทย,รับจ้าง,บึงกาฬ,บึงกาฬ,21 ก.ย. 68
337,VP01472,สุชาวดี,,,093-2645-318,เงินสด,20 ก.ย. 68,B101,ไทย,รับจ้าง,บึงกาฬ,บึงกาฬ,21 ก.ย. 68
338,VP01473,นันทชัย,,,,เงินสด,20 ก.ย. 68,B109,ไทย,รับจ้าง,บึงกาฬ,บึงกาฬ,21 ก.ย. 68
339,VP01474,สายทอง ภูแล,,,095-4831-035,เงินสด,20 ก.ย. 68,B110,ไทย,รับจ้าง,บึงกาฬ,บึงกาฬ,21 ก.ย. 68
340,VP01475,พรหมรัตน์ อิสสระพงษ์,,,,เงินโอน QR,20 ก.ย. 68,A105,ไทย,รับจ้าง,บึงกาฬ,บึงกาฬ,21 ก.ย. 68
341,VP01476,ณรงภัทร,,,,เงินสด,20 ก.ย. 68,A107,ไทย,รับจ้าง,บึงกาฬ,บึงกาฬ,21 ก.ย. 68
342,VP01477,อุรัสยา อไร,,,090-2268-966,เงินโอน QR,20 ก.ย. 68,A106,ไทย,รับจ้าง,บึงกาฬ,บึงกาฬ,21 ก.ย. 68
343,VP01478,รุ่งฤดี ไทยะวัฒน์,,,098-3605-386,เงินโอน QR,20 ก.ย. 68,A104,ไทย,รับจ้าง,บึงกาฬ,บึงกาฬ,21 ก.ย. 68
344,VP01479,อำพร,,,085-1289-539,เงินโอน QR,20 ก.ย. 68,B103,ไทย,รับจ้าง,บึงกาฬ,บึงกาฬ,21 ก.ย. 68
345,VP01480,อาคม,,,084-3912-828,เงินสด,20 ก.ย. 68,B107,ไทย,รับจ้าง,บึงกาฬ,บึงกาฬ,21 ก.ย. 68
346,VP01481,เอกมิวสิก,,,090-323-1876,เงินโอน QR,20 ก.ย. 68,B107,ไทย,รับจ้าง,บึงกาฬ,บึงกาฬ,21 ก.ย. 68
347,VP01482,ณัชพล,,,085-4840-614,เงินโอน QR,20 ก.ย. 68,B109,ไทย,รับจ้าง,บึงกาฬ,บึงกาฬ,21 ก.ย. 68
348,VP01483,วรากานญ์,,3471201015392,082-2570-894,เงินสด,20 ก.ย. 68,B104,ไทย,รับจ้าง,บึงกาฬ,บึงกาฬ,21 ก.ย. 68
349,VP01484,อภิรัตน์,,,,เงินสด,21 ก.ย. 68,B106,ไทย,รับจ้าง,บึงกาฬ,บึงกาฬ,22 ก.ย. 68
350,VP01485,สุทธิพงษ์,,,062-0418-821,เงินสด,21 ก.ย. 68,N4,ไทย,รับจ้าง,บึงกาฬ,บึงกาฬ,22 ก.ย. 68
351,VP01486,วัฒน์,,,081-8724-322,เงินโอน QR,21 ก.ย. 68,A108,ไทย,รับจ้าง,บึงกาฬ,บึงกาฬ,22 ก.ย. 68
352,VP01487,จักรภัทร,,,064-9415-265,เงินสด,21 ก.ย. 68,B106,ไทย,รับจ้าง,บึงกาฬ,บึงกาฬ,22 ก.ย. 68
353,VP01488,ประรินทร์,,,096-6855-964,เงินโอน QR,21 ก.ย. 68,N5,ไทย,รับจ้าง,บึงกาฬ,บึงกาฬ,22 ก.ย. 68
354,VP01489,ศุภกิตติ์ แผ่นทอง,,,092-5681-864,เงินโอน QR,21 ก.ย. 68,B108,ไทย,รับจ้าง,บึงกาฬ,บึงกาฬ,22 ก.ย. 68
355,VP01490,บริโภคไทย,,,093-324-9754,เงินโอน QR,21 ก.ย. 68,A104,ไทย,รับจ้าง,บึงกาฬ,บึงกาฬ,22 ก.ย. 68
356,VP01491,สงกรานณ์,,,092-2658-168,เงินสด,21 ก.ย. 68,A105,ไทย,รับจ้าง,บึงกาฬ,บึงกาฬ,22 ก.ย. 68
357,VP01492,คนึงนิตย์,,,081-0792-659,เงินโอน QR,21 ก.ย. 68,A104,ไทย,รับจ้าง,บึงกาฬ,บึงกาฬ,22 ก.ย. 68
358,VP01493,ภานุพงศ์ ภักดีวุฒิ,,,098-8531-521,เงินโอน QR,21 ก.ย. 68,B107,ไทย,รับจ้าง,บึงกาฬ,บึงกาฬ,22 ก.ย. 68
359,VP01494,กองสี เทพนวน,,,081-4688-739,เงินสด,21 ก.ย. 68,A110,ไทย,รับจ้าง,บึงกาฬ,บึงกาฬ,22 ก.ย. 68
360,VP01495,ยุวดี,,,085-4646-667,เงินสด,21 ก.ย. 68,B108,ไทย,รับจ้าง,บึงกาฬ,บึงกาฬ,22 ก.ย. 68
361,VP01496,นพรัตน์,,,093-4688-739,เงินสด,21 ก.ย. 68,A107,ไทย,รับจ้าง,บึงกาฬ,บึงกาฬ,22 ก.ย. 68
362,VP01497,วัฒนา เปาวะนา,,,087-8074-802,เงินโอน QR,21 ก.ย. 68,B108,ไทย,รับจ้าง,บึงกาฬ,บึงกาฬ,22 ก.ย. 68
363,VP01498,เชศฐ,,,084-9344-894,เงินสด,21 ก.ย. 68,A106,ไทย,รับจ้าง,บึงกาฬ,บึงกาฬ,22 ก.ย. 68
364,VP01499,วรวัฒน์ เคลือบสูงเนิน,จ.บุรีรัมย์ อ.ประโคนชัย ต.ไพต่อ เลขที่ 80 ม.14,1320500230027,090-6138-276,เงินโอน QR,22 ก.ย. 68,A107,ไทย,รับจ้าง,บึงกาฬ,บึงกาฬ,23 ก.ย. 68
365,VP01500,ลลิดา วรรณกูล,,,064-3364-637,เงินโอน QR,22 ก.ย. 68,B109,ไทย,รับจ้าง,บึงกาฬ,บึงกาฬ,23 ก.ย. 68
366,VP01501,จารุวรณ เสนาวงศ์,,,094-3701-199,เงินโอน QR,22 ก.ย. 68,A105,ไทย,รับจ้าง,บึงกาฬ,บึงกาฬ,23 ก.ย. 68
367,VP01502,อาทิตย์ กลางสุไพธิ์,,,098-4311-900,เงินสด,22 ก.ย. 68,B106,ไทย,รับจ้าง,บึงกาฬ,บึงกาฬ,23 ก.ย. 68
368,VP01503,ออฟฟี่,,,061-6613-511,เงินโอน QR,22 ก.ย. 68,B109,ไทย,รับจ้าง,บึงกาฬ,บึงกาฬ,23 ก.ย. 68
369,VP01504,การยาง,,,,เงินโอน QR,22 ก.ย. 68,B110,ไทย,รับจ้าง,บึงกาฬ,บึงกาฬ,23 ก.ย. 68
370,VP01505,น้ำ,,,082-2438-902,เงินสด,22 ก.ย. 68,A105,ไทย,รับจ้าง,บึงกาฬ,บึงกาฬ,23 ก.ย. 68
371,VP01506,ยศธร,,,093-3561-060,เงินสด,22 ก.ย. 68,A107,ไทย,รับจ้าง,บึงกาฬ,บึงกาฬ,23 ก.ย. 68
372,VP01507,พันนิตา สุมาดง,,,062-3311-611,เงินสด,22 ก.ย. 68,A106,ไทย,รับจ้าง,บึงกาฬ,บึงกาฬ,23 ก.ย. 68
373,VP01508,เฉลิมศักดิ์,,,098-2622-609,เงินโอน QR,22 ก.ย. 68,A104,ไทย,รับจ้าง,บึงกาฬ,บึงกาฬ,23 ก.ย. 68
374,VP01509,คณะมาร่วมงานศพ,,,,เงินสด,23 ก.ย. 68,B103,ไทย,รับจ้าง,บึงกาฬ,บึงกาฬ,24 ก.ย. 68
375,VP01510,นนธวัช,,,084-1793-723,เงินโอน QR,23 ก.ย. 68,B107,ไทย,รับจ้าง,บึงกาฬ,บึงกาฬ,24 ก.ย. 68
376,VP01511,พรรศิรคล มากุล,,,063-1508-917,เงินโอน QR,23 ก.ย. 68,B107,ไทย,รับจ้าง,บึงกาฬ,บึงกาฬ,24 ก.ย. 68
377,VP01512,ทนงชัย,,,082-1386-739,เงินโอน QR,23 ก.ย. 68,B109,ไทย,รับจ้าง,บึงกาฬ,บึงกาฬ,24 ก.ย. 68
378,VP01513,วิริยะ,,,097-0151-712,เงินสด,23 ก.ย. 68,B109,ไทย,รับจ้าง,บึงกาฬ,บึงกาฬ,24 ก.ย. 68
379,VP01514,ธีรภัทร,,,089-0495-361,เงินโอน QR,23 ก.ย. 68,B110,ไทย,รับจ้าง,บึงกาฬ,บึงกาฬ,24 ก.ย. 68
380,VP01515,บ่าวมิตรสกล,,,082-8004-147,เงินโอน QR,24 ก.ย. 68,A105,ไทย,รับจ้าง,บึงกาฬ,บึงกาฬ,25 ก.ย. 68
381,VP01516,อานิตชา อิ่มพูล,จ.บึงกาฬ อ.เมือง บ้านเลขที่ 11,1909802884545,065-8450-788,เงินสด,24 ก.ย. 68,A107,ไทย,รับจ้าง,บึงกาฬ,บึงกาฬ,25 ก.ย. 68
382,VP01517,จิรกาส เทียนอิน,,,082-5691-223,เงินสด,24 ก.ย. 68,A106,ไทย,รับจ้าง,บึงกาฬ,บึงกาฬ,25 ก.ย. 68
383,VP01518,กิตติพงศ์ นาฮี,,,064-1716-148,เงินสด,24 ก.ย. 68,A104,ไทย,รับจ้าง,บึงกาฬ,บึงกาฬ,25 ก.ย. 68
384,VP01519,ปัญทรัพย์,,,080-4257-035,เงินโอน QR,24 ก.ย. 68,B103,ไทย,รับจ้าง,บึงกาฬ,บึงกาฬ,25 ก.ย. 68
385,VP01520,รพินทร์,,,082-6417-213,เงินสด,24 ก.ย. 68,B107,ไทย,รับจ้าง,บึงกาฬ,บึงกาฬ,25 ก.ย. 68
386,VP01521,ชัชพันธ์ ชาดี,,,099-7156-879,เงินโอน QR,25 ก.ย. 68,B107,ไทย,รับจ้าง,บึงกาฬ,บึงกาฬ,26 ก.ย. 68
387,VP01522,คุณ แลง,,,083-2389-113,เงินโอน QR,25 ก.ย. 68,B109,ไทย,รับจ้าง,บึงกาฬ,บึงกาฬ,26 ก.ย. 68
388,VP01523,จุฬาลักษ์,,,063-4452-316,เงินโอน QR,25 ก.ย. 68,B109,ไทย,รับจ้าง,บึงกาฬ,บึงกาฬ,26 ก.ย. 68
389,VP01524,บารเมชัฐ,,,061-7939-107,เงินสด,26 ก.ย. 68,B110,ไทย,รับจ้าง,บึงกาฬ,บึงกาฬ,27 ก.ย. 68
390,VP01525,อนันต์ ทองสีมา,,,062-7939-107,เงินโอน QR,26 ก.ย. 68,A105,ไทย,รับจ้าง,บึงกาฬ,บึงกาฬ,27 ก.ย. 68
391,VP01526,ค้าอุปกณ์ยานยนต์,,,,เงินโอน QR,26 ก.ย. 68,A107,ไทย,รับจ้าง,บึงกาฬ,บึงกาฬ,27 ก.ย. 68
392,VP01527,ธนากร,,,081-9883-054,เงินสด,27 ก.ย. 68,A106,ไทย,รับจ้าง,บึงกาฬ,บึงกาฬ,28 ก.ย. 68
393,VP01528,นัชวัฒน์,,,097-2704-070,เงินสด,27 ก.ย. 68,A104,ไทย,รับจ้าง,บึงกาฬ,บึงกาฬ,28 ก.ย. 68
394,VP01529,วาณิชกร,,,099-6864-837,เงินสด,27 ก.ย. 68,B104,ไทย,รับจ้าง,บึงกาฬ,บึงกาฬ,28 ก.ย. 68
395,VP01530,ภุสพงษ์,,,098-2355-158,เงินสด,28 ก.ย. 68,A103,ไทย,รับจ้าง,บึงกาฬ,บึงกาฬ,29 ก.ย. 68
396,VP01531,ศิริกมล พลเยี่ยม,,,094-425-969,เงินสด,28 ก.ย. 68,A108,ไทย,รับจ้าง,บึงกาฬ,บึงกาฬ,29 ก.ย. 68
397,VP01532,ว่าที่ ร.ต. ชายมงคล,,,064-1172-945,เงินสด,28 ก.ย. 68,B107,ไทย,รับจ้าง,บึงกาฬ,บึงกาฬ,29 ก.ย. 68
398,VP01533,คุณแท็ก,,,,เงินสด,29 ก.ย. 68,A110,ไทย,รับจ้าง,บึงกาฬ,บึงกาฬ,30 ก.ย. 68
399,VP01534,คุณมมนต์ชัย,,,061-9949-496,เงินสด,29 ก.ย. 68,B108,ไทย,รับจ้าง,บึงกาฬ,บึงกาฬ,30 ก.ย. 68
400,VP01535,ธิติภา,,,064-035-1274,เงินสด,29 ก.ย. 68,A107,ไทย,รับจ้าง,บึงกาฬ,บึงกาฬ,30 ก.ย. 68
401,VP01536,สมหวัง,,,081-717-4394,เงินโอน QR,30 ก.ย. 68,B107,ไทย,รับจ้าง,บึงกาฬ,บึงกาฬ,01 ต.ค. 68
402,VP01537,ณัฐพงษ์,,,,เงินโอน QR,30 ก.ย. 68,B201,ไทย,รับจ้าง,บึงกาฬ,บึงกาฬ,01 ต.ค. 68
403,VP01538,สยามร่วมมิตร,,,061-363-2244,เงินโอน QR,30 ก.ย. 68,B202,ไทย,รับจ้าง,บึงกาฬ,บึงกาฬ,01 ต.ค. 68
404,VP01539,วีระยุทธ,,,093-572-9746,เงินสด,30 ก.ย. 68,B203,ไทย,รับจ้าง,บึงกาฬ,บึงกาฬ,01 ต.ค. 68
405,VP01540,ฐิตารีย์,,,093-456-6364,เงินโอน QR,30 ก.ย. 68,B204,ไทย,รับจ้าง,บึงกาฬ,บึงกาฬ,01 ต.ค. 68
406,VP01541,สุพัตรา กองทอง,,,063-391-9631,เงินโอน QR,30 ก.ย. 68,B205,ไทย,รับจ้าง,บึงกาฬ,บึงกาฬ,01 ต.ค. 68
407,VP01542,ภิรมย์ศักดิ์ สุขะ,,,098-961-9429,เงินสด,30 ก.ย. 68,B206,ไทย,รับจ้าง,บึงกาฬ,บึงกาฬ,01 ต.ค. 68
408,VP01543,ผุ้พัน,,,064-045-0828,เงินสด,30 ก.ย. 68,B207,ไทย,รับจ้าง,บึงกาฬ,บึงกาฬ,01 ต.ค. 68
409,VP01544,คนอง หนวดตีบ,,,065-579-9833,เงินสด,30 ก.ย. 68,A109,ไทย,รับจ้าง,บึงกาฬ,บึงกาฬ,01 ต.ค. 68
410,VP01545,บิ๊กสตาร์,,,084-265-5547,เงินโอน QR,30 ก.ย. 68,B107,ไทย,รับจ้าง,บึงกาฬ,บึงกาฬ,01 ต.ค. 68
411,VP01546,คุณสุพจน์,,,084-792-4215,เงินสด,30 ก.ย. 68,B105,ไทย,รับจ้าง,บึงกาฬ,บึงกาฬ,01 ต.ค. 68
412,VP01547,สายันต์,,,089-843-9144,เงินโอน QR,30 ก.ย. 68,B106,ไทย,รับจ้าง,บึงกาฬ,บึงกาฬ,01 ต.ค. 68
413,VP01548,พีระศักดิ์,,,065-496-5625,เงินโอน QR,30 ก.ย. 68,A109,ไทย,รับจ้าง,บึงกาฬ,บึงกาฬ,01 ต.ค. 68
414,VP01549,เอกวัฒน์,,,,เงินโอน QR,30 ก.ย. 68,A110,ไทย,รับจ้าง,บึงกาฬ,บึงกาฬ,01 ต.ค. 68
415,VP01550,เพรชรัตน์,,,097-119-7316,เงินสด,01 ต.ค. 68,B108,ไทย,รับจ้าง,บึงกาฬ,บึงกาฬ,02 ต.ค. 68
416,VP01551,อดิศร,,,,เงินโอน QR,02 ต.ค. 68,N5,ไทย,รับจ้าง,บึงกาฬ,บึงกาฬ,03 ต.ค. 68
417,VP01552,อลิสา,,,,เงินโอน QR,03 ต.ค. 68,B109,ไทย,รับจ้าง,บึงกาฬ,บึงกาฬ,04 ต.ค. 68
418,VP01553,คูณจูน,,,,เงินสด,04 ต.ค. 68,A103,ไทย,รับจ้าง,บึงกาฬ,บึงกาฬ,05 ต.ค. 68
419,VP01554,สัญญา,,,088-313-4564,เงินสด,05 ต.ค. 68,B104,ไทย,รับจ้าง,บึงกาฬ,บึงกาฬ,06 ต.ค. 68
420,VP01555,แพรวนภา,,,095-784-1539,เงินสด,06 ต.ค. 68,A110,ไทย,รับจ้าง,บึงกาฬ,บึงกาฬ,07 ต.ค. 68
421,VP01556,อาหารไทย,,,099-449-3287,เงินโอน QR,07 ต.ค. 68,A111,ไทย,รับจ้าง,บึงกาฬ,บึงกาฬ,08 ต.ค. 68
422,VP01557,ปุณญวิช,,,093-474-3923,เงินสด,08 ต.ค. 68,A201,ไทย,รับจ้าง,บึงกาฬ,บึงกาฬ,09 ต.ค. 68
423,VP01558,จีรัชญาดา,,,,เงินโอน QR,09 ต.ค. 68,N4,ไทย,รับจ้าง,บึงกาฬ,บึงกาฬ,10 ต.ค. 68
424,VP01559,โทนี่,,,064-171-6148,เงินโอน QR,10 ต.ค. 68,B108,ไทย,รับจ้าง,บึงกาฬ,บึงกาฬ,11 ต.ค. 68
425,VP01560,สุรชัย,,,093-824-2632,เงินโอน QR,11 ต.ค. 68,B107,ไทย,รับจ้าง,บึงกาฬ,บึงกาฬ,12 ต.ค. 68
426,VP01561,นที แก้วกมลรัตน์,,,063-412-1347,เงินสด,12 ต.ค. 68,B109,ไทย,รับจ้าง,บึงกาฬ,บึงกาฬ,13 ต.ค. 68
427,VP01562,มถุวดี,,,061-336-4025,เงินโอน QR,13 ต.ค. 68,A107,ไทย,รับจ้าง,บึงกาฬ,บึงกาฬ,14 ต.ค. 68
428,VP01563,ณชิตา,,,063-724-4305,เงินโอน QR,14 ต.ค. 68,B107,ไทย,รับจ้าง,บึงกาฬ,บึงกาฬ,15 ต.ค. 68
429,VP01564,วุฒิกร,,,096-486-2089,เงินสด,15 ต.ค. 68,A105,ไทย,รับจ้าง,บึงกาฬ,บึงกาฬ,16 ต.ค. 68
430,VP01565,ธัชพันธุ์ สุวะ,,,061-213-4169,เงินสด,16 ต.ค. 68,N5,ไทย,รับจ้าง,บึงกาฬ,บึงกาฬ,17 ต.ค. 68
431,VP01566,ดุริยะ,,,,เงินสด,17 ต.ค. 68,A202,ไทย,รับจ้าง,บึงกาฬ,บึงกาฬ,18 ต.ค. 68
432,VP01567,เอกรินทร์,,,,เงินโอน QR,18 ต.ค. 68,A203,ไทย,รับจ้าง,บึงกาฬ,บึงกาฬ,19 ต.ค. 68
433,VP01568,วาสนา,,,098-534-1312,เงินสด,19 ต.ค. 68,A204,ไทย,รับจ้าง,บึงกาฬ,บึงกาฬ,20 ต.ค. 68
434,VP01569,บริษัท เอ็มจี เมดิคอล กรุ๊ป จำกัด,99/192 ซอยกรุงเทพกรีฑา39 แขวงทับช้าง เขตสะพานสูง กรุงเทพมหานคร 10250,105560069727,,เงินโอน QR,20 ต.ค. 68,B108,ไทย,รับจ้าง,บึงกาฬ,บึงกาฬ,21 ต.ค. 68
435,VP01570,สำเริง,,,,เงินโอน QR,21 ต.ค. 68,A107,ไทย,รับจ้าง,บึงกาฬ,บึงกาฬ,22 ต.ค. 68
436,VP01571,ปรีชญา,,,063-052-0107,เงินโอน QR,22 ต.ค. 68,B101,ไทย,รับจ้าง,บึงกาฬ,บึงกาฬ,23 ต.ค. 68
437,VP01572,สถาพร,,,090-221-2400,เงินสด,23 ต.ค. 68,B109,ไทย,รับจ้าง,บึงกาฬ,บึงกาฬ,24 ต.ค. 68
438,VP01573,สิทธิโชค เดชเสน,,,095-158-3277,เงินโอน QR,24 ต.ค. 68,B110,ไทย,รับจ้าง,บึงกาฬ,บึงกาฬ,25 ต.ค. 68
439,VP01574,กษิรา ศรีเชียงขาว,,,080-462-6375,เงินโอน QR,25 ต.ค. 68,A105,ไทย,รับจ้าง,บึงกาฬ,บึงกาฬ,26 ต.ค. 68
440,VP01575,เมฆ บริบูรณ์,,,086-885-2927,เงินสด,26 ต.ค. 68,A107,ไทย,รับจ้าง,บึงกาฬ,บึงกาฬ,27 ต.ค. 68
441,VP01576,วงษ์กรต ศรีสุพรรณ,,,090-660-1144,เงินสด,27 ต.ค. 68,A106,ไทย,รับจ้าง,บึงกาฬ,บึงกาฬ,28 ต.ค. 68
442,VP01577,วรรณิศา วัฒนกุล,88 หมู่ 4 ต.โพธิ์หมากแข้ง อ.ศรีวิไล จ.บึงกาฬ,5354419589674,089-7429992,เงินสด,28 ต.ค. 68,A104,ไทย,รับจ้าง,บึงกาฬ,บึงกาฬ,29 ต.ค. 68
443,VP01578,สุริยา คำแสน,45/3 ต.บึงโขงหลง อ.บึงโขงหลง จ.บึงกาฬ,1863615486608,084-5847792,เงินโอน QR,29 ต.ค. 68,B103,ไทย,รับจ้าง,บึงกาฬ,บึงกาฬ,30 ต.ค. 68
444,VP01579,กิตติศักดิ์ พงษ์ไพบูลย์,99/1 หมู่ 1 ต.หนองเดิ่น อ.บุ่งคล้า จ.บึงกาฬ,9253448169057,083-3186295,เงินสด,30 ต.ค. 68,B107,ไทย,รับจ้าง,บึงกาฬ,บึงกาฬ,31 ต.ค. 68
445,VP01580,กิตติศักดิ์ แสงทอง,99/1 หมู่ 1 ต.หนองเดิ่น อ.บุ่งคล้า จ.บึงกาฬ,8441068113149,082-5511484,เงินโอน QR,31 ต.ค. 68,B107,ไทย,รับจ้าง,บึงกาฬ,บึงกาฬ,01 พ.ย. 68
446,VP01581,ณัฐพล สายชล,12/7 ต.วิศิษฐ์ อ.เมือง จ.บึงกาฬ,6752630941777,082-6166694,เงินโอน QR,01 พ.ย. 68,B109,ไทย,รับจ้าง,บึงกาฬ,บึงกาฬ,02 พ.ย. 68
447,VP01582,อธิวัฒน์ โพธิ์ชัย,12/7 ต.วิศิษฐ์ อ.เมือง จ.บึงกาฬ,8960220051996,088-7341691,เงินโอน QR,02 พ.ย. 68,B104,ไทย,รับจ้าง,บึงกาฬ,บึงกาฬ,03 พ.ย. 68
448,VP01583,อธิวัฒน์ คำแสน,123 หมู่ 5 ต.บึงกาฬ อ.เมืองบึงกาฬ จ.บึงกาฬ,6977084232070,086-1398572,เงินสด,03 พ.ย. 68,B106,ไทย,รับจ้าง,บึงกาฬ,บึงกาฬ,04 พ.ย. 68
449,VP01584,วรรณิศา เรืองศรี,12/7 ต.วิศิษฐ์ อ.เมือง จ.บึงกาฬ,2818016738566,088-4123322,เงินโอน QR,04 พ.ย. 68,N4,ไทย,รับจ้าง,บึงกาฬ,บึงกาฬ,05 พ.ย. 68
450,VP01585,ธัญชนก สายชล,123 หมู่ 5 ต.บึงกาฬ อ.เมืองบึงกาฬ จ.บึงกาฬ,9174776962683,087-7775793,เงินโอน QR,05 พ.ย. 68,A108,ไทย,รับจ้าง,บึงกาฬ,บึงกาฬ,06 พ.ย. 68
451,VP01586,มนัสนันท์ ทองสิงห์,12/7 ต.วิศิษฐ์ อ.เมือง จ.บึงกาฬ,9733082526708,085-1249542,เงินสด,06 พ.ย. 68,B106,ไทย,รับจ้าง,บึงกาฬ,บึงกาฬ,07 พ.ย. 68
452,VP01587,รัตนา ศรีมหา,88 หมู่ 4 ต.โพธิ์หมากแข้ง อ.ศรีวิไล จ.บึงกาฬ,8124817347606,083-9486387,เงินสด,07 พ.ย. 68,N5,ไทย,รับจ้าง,บึงกาฬ,บึงกาฬ,08 พ.ย. 68
453,VP01588,รัตนา มีสุข,12/7 ต.วิศิษฐ์ อ.เมือง จ.บึงกาฬ,9802052070345,088-1441780,เงินสด,08 พ.ย. 68,B108,ไทย,รับจ้าง,บึงกาฬ,บึงกาฬ,09 พ.ย. 68
454,VP01589,อาทิตยา ใจดี,45/3 ต.บึงโขงหลง อ.บึงโขงหลง จ.บึงกาฬ,8495911528325,083-5373743,เงินโอน QR,09 พ.ย. 68,A104,ไทย,รับจ้าง,บึงกาฬ,บึงกาฬ,10 พ.ย. 68
455,VP01590,จักรพงษ์ กล้าหาญ,123 หมู่ 5 ต.บึงกาฬ อ.เมืองบึงกาฬ จ.บึงกาฬ,6986734519446,081-4054610,เงินสด,10 พ.ย. 68,A105,ไทย,รับจ้าง,บึงกาฬ,บึงกาฬ,11 พ.ย. 68
456,VP01591,สิทธิโชค อินทรวงศ์,123 หมู่ 5 ต.บึงกาฬ อ.เมืองบึงกาฬ จ.บึงกาฬ,2865119518419,084-3463879,เงินโอน QR,11 พ.ย. 68,A104,ไทย,รับจ้าง,บึงกาฬ,บึงกาฬ,12 พ.ย. 68
457,VP01592,ภูวดล ศรีมหา,99/1 หมู่ 1 ต.หนองเดิ่น อ.บุ่งคล้า จ.บึงกาฬ,6269199654050,081-8462526,เงินโอน QR,12 พ.ย. 68,B107,ไทย,รับจ้าง,บึงกาฬ,บึงกาฬ,13 พ.ย. 68
458,VP01593,ณัฐพล คำแสน,99/1 หมู่ 1 ต.หนองเดิ่น อ.บุ่งคล้า จ.บึงกาฬ,3301139141788,088-2982325,เงินโอน QR,13 พ.ย. 68,A110,ไทย,รับจ้าง,บึงกาฬ,บึงกาฬ,14 พ.ย. 68
459,VP01594,สุริยา รุ่งเรือง,45/3 ต.บึงโขงหลง อ.บึงโขงหลง จ.บึงกาฬ,4020267568813,081-4761013,เงินสด,14 พ.ย. 68,B108,ไทย,รับจ้าง,บึงกาฬ,บึงกาฬ,15 พ.ย. 68
460,VP01595,วรรณิศา พงษ์ไพบูลย์,88 หมู่ 4 ต.โพธิ์หมากแข้ง อ.ศรีวิไล จ.บึงกาฬ,2357852758253,083-3275362,เงินโอน QR,15 พ.ย. 68,A107,ไทย,รับจ้าง,บึงกาฬ,บึงกาฬ,16 พ.ย. 68
461,VP01596,สุริยา ศรีมหา,45/3 ต.บึงโขงหลง อ.บึงโขงหลง จ.บึงกาฬ,3399294294108,087-8454723,เงินโอน QR,16 พ.ย. 68,B108,ไทย,รับจ้าง,บึงกาฬ,บึงกาฬ,17 พ.ย. 68
462,VP01597,ชยพล สุขสม,123 หมู่ 5 ต.บึงกาฬ อ.เมืองบึงกาฬ จ.บึงกาฬ,6736857322934,083-5747025,เงินสด,17 พ.ย. 68,A205,ไทย,รับจ้าง,บึงกาฬ,บึงกาฬ,18 พ.ย. 68
463,VP01598,อาทิตยา พงษ์ไพบูลย์,123 หมู่ 5 ต.บึงกาฬ อ.เมืองบึงกาฬ จ.บึงกาฬ,7270475899904,086-9331110,เงินสด,18 พ.ย. 68,A206,ไทย,รับจ้าง,บึงกาฬ,บึงกาฬ,19 พ.ย. 68
464,VP01599,ภูวดล พงษ์ไพบูลย์,88 หมู่ 4 ต.โพธิ์หมากแข้ง อ.ศรีวิไล จ.บึงกาฬ,1051871687522,083-7963927,เงินสด,19 พ.ย. 68,B109,ไทย,รับจ้าง,บึงกาฬ,บึงกาฬ,20 พ.ย. 68
465,VP01600,ภูวดล มีสุข,45/3 ต.บึงโขงหลง อ.บึงโขงหลง จ.บึงกาฬ,7438414107891,088-1489871,เงินโอน QR,20 พ.ย. 68,A105,ไทย,รับจ้าง,บึงกาฬ,บึงกาฬ,21 พ.ย. 68
466,VP01601,รัตนา คำแสน,12/7 ต.วิศิษฐ์ อ.เมือง จ.บึงกาฬ,8102568371498,087-2844664,เงินสด,21 พ.ย. 68,B107,ไทย,รับจ้าง,บึงกาฬ,บึงกาฬ,22 พ.ย. 68
467,VP01602,ประเสริฐ โพธิ์ชัย,99/1 หมู่ 1 ต.หนองเดิ่น อ.บุ่งคล้า จ.บึงกาฬ,1774808059486,085-9019159,เงินโอน QR,22 พ.ย. 68,A207,ไทย,รับจ้าง,บึงกาฬ,บึงกาฬ,23 พ.ย. 68
468,VP01603,ชยพล วัฒนกุล,99/1 หมู่ 1 ต.หนองเดิ่น อ.บุ่งคล้า จ.บึงกาฬ,2320793392462,083-9163226,เงินโอน QR,23 พ.ย. 68,A208,ไทย,รับจ้าง,บึงกาฬ,บึงกาฬ,24 พ.ย. 68
469,VP01604,ภูวดล ใจดี,45/3 ต.บึงโขงหลง อ.บึงโขงหลง จ.บึงกาฬ,9083672706118,088-1346501,เงินโอน QR,24 พ.ย. 68,B107,ไทย,รับจ้าง,บึงกาฬ,บึงกาฬ,25 พ.ย. 68
470,VP01605,ประเสริฐ แสงทอง,12/7 ต.วิศิษฐ์ อ.เมือง จ.บึงกาฬ,2310153923828,080-6253253,เงินสด,25 พ.ย. 68,A103,ไทย,รับจ้าง,บึงกาฬ,บึงกาฬ,26 พ.ย. 68
471,VP01606,ภูวดล วัฒนกุล,123 หมู่ 5 ต.บึงกาฬ อ.เมืองบึงกาฬ จ.บึงกาฬ,8848316044749,087-4825689,เงินโอน QR,26 พ.ย. 68,A107,ไทย,รับจ้าง,บึงกาฬ,บึงกาฬ,27 พ.ย. 68
472,VP01607,ธัญชนก กล้าหาญ,45/3 ต.บึงโขงหลง อ.บึงโขงหลง จ.บึงกาฬ,2817632208305,089-3680464,เงินโอน QR,27 พ.ย. 68,A105,ไทย,รับจ้าง,บึงกาฬ,บึงกาฬ,28 พ.ย. 68
473,VP01608,อธิวัฒน์ วัฒนกุล,88 หมู่ 4 ต.โพธิ์หมากแข้ง อ.ศรีวิไล จ.บึงกาฬ,5172030043930,088-8243407,เงินสด,28 พ.ย. 68,B108,ไทย,รับจ้าง,บึงกาฬ,บึงกาฬ,29 พ.ย. 68
474,VP01609,กัลยารัตน์ ใจดี,88 หมู่ 4 ต.โพธิ์หมากแข้ง อ.ศรีวิไล จ.บึงกาฬ,6216905103710,081-8284272,เงินสด,29 พ.ย. 68,A107,ไทย,รับจ้าง,บึงกาฬ,บึงกาฬ,30 พ.ย. 68
475,VP01610,ณัฐพล รุ่งเรือง,12/7 ต.วิศิษฐ์ อ.เมือง จ.บึงกาฬ,8817961503861,089-9540214,เงินสด,30 พ.ย. 68,B095,ไทย,รับจ้าง,บึงกาฬ,บึงกาฬ,01 ธ.ค. 68
476,VP01611,อารยา สุขสม,12/7 ต.วิศิษฐ์ อ.เมือง จ.บึงกาฬ,4093520384568,089-6140271,เงินโอน QR,01 ธ.ค. 68,B092,ไทย,รับจ้าง,บึงกาฬ,บึงกาฬ,02 ธ.ค. 68
477,VP01612,รัตนา อินทรวงศ์,123 หมู่ 5 ต.บึงกาฬ อ.เมืองบึงกาฬ จ.บึงกาฬ,830121480929,082-2679374,เงินสด,02 ธ.ค. 68,A105,ไทย,รับจ้าง,บึงกาฬ,บึงกาฬ,03 ธ.ค. 68
478,VP01613,นิภาพร กล้าหาญ,88 หมู่ 4 ต.โพธิ์หมากแข้ง อ.ศรีวิไล จ.บึงกาฬ,2087926469804,080-6318559,เงินโอน QR,03 ธ.ค. 68,A209,ไทย,รับจ้าง,บึงกาฬ,บึงกาฬ,04 ธ.ค. 68
479,VP01614,ประเสริฐ เรืองศรี,99/1 หมู่ 1 ต.หนองเดิ่น อ.บุ่งคล้า จ.บึงกาฬ,7490376361409,087-2316086,เงินโอน QR,04 ธ.ค. 68,A210,ไทย,รับจ้าง,บึงกาฬ,บึงกาฬ,05 ธ.ค. 68
480,VP01615,ภูวดล ศรีจันทร์,99/1 หมู่ 1 ต.หนองเดิ่น อ.บุ่งคล้า จ.บึงกาฬ,3367647768122,087-3241695,เงินโอน QR,05 ธ.ค. 68,A093,ไทย,รับจ้าง,บึงกาฬ,บึงกาฬ,06 ธ.ค. 68
481,VP01616,ภูวดล เรืองศรี,45/3 ต.บึงโขงหลง อ.บึงโขงหลง จ.บึงกาฬ,3223471425442,088-5241431,เงินสด,06 ธ.ค. 68,A090,ไทย,รับจ้าง,บึงกาฬ,บึงกาฬ,07 ธ.ค. 68
482,VP01617,ยุพา แก้วใส,12/7 ต.วิศิษฐ์ อ.เมือง จ.บึงกาฬ,6928881710697,089-7341600,เงินโอน QR,07 ธ.ค. 68,B105,ไทย,รับจ้าง,บึงกาฬ,บึงกาฬ,08 ธ.ค. 68
483,VP01618,ชัยวัฒน์ แสงทอง,99/1 หมู่ 1 ต.หนองเดิ่น อ.บุ่งคล้า จ.บึงกาฬ,7193167229684,086-2553247,เงินโอน QR,08 ธ.ค. 68,B108,ไทย,รับจ้าง,บึงกาฬ,บึงกาฬ,09 ธ.ค. 68
484,VP01619,สุริยา พานทอง,99/1 หมู่ 1 ต.หนองเดิ่น อ.บุ่งคล้า จ.บึงกาฬ,7168550623404,089-9802917,เงินสด,09 ธ.ค. 68,B108,ไทย,รับจ้าง,บึงกาฬ,บึงกาฬ,10 ธ.ค. 68
485,VP01620,สุริยา ใจดี,99/1 หมู่ 1 ต.หนองเดิ่น อ.บุ่งคล้า จ.บึงกาฬ,2809609011816,089-6328418,เงินสด,10 ธ.ค. 68,A092,ไทย,รับจ้าง,บึงกาฬ,บึงกาฬ,11 ธ.ค. 68
486,VP01621,อาทิตยา รัตนพร,123 หมู่ 5 ต.บึงกาฬ อ.เมืองบึงกาฬ จ.บึงกาฬ,5536014716727,083-4007516,เงินสด,11 ธ.ค. 68,A089,ไทย,รับจ้าง,บึงกาฬ,บึงกาฬ,12 ธ.ค. 68
487,VP01622,กัลยารัตน์ ศรีจันทร์,99/1 หมู่ 1 ต.หนองเดิ่น อ.บุ่งคล้า จ.บึงกาฬ,5977989136118,081-5838763,เงินโอน QR,12 ธ.ค. 68,B106,ไทย,รับจ้าง,บึงกาฬ,บึงกาฬ,13 ธ.ค. 68
488,VP01623,มนัสนันท์ พานทอง,88 หมู่ 4 ต.โพธิ์หมากแข้ง อ.ศรีวิไล จ.บึงกาฬ,2003100722258,087-1808201,เงินสด,13 ธ.ค. 68,B109,ไทย,รับจ้าง,บึงกาฬ,บึงกาฬ,14 ธ.ค. 68
489,VP01624,สิทธิโชค ศรีจันทร์,99/1 หมู่ 1 ต.หนองเดิ่น อ.บุ่งคล้า จ.บึงกาฬ,9623178779906,083-3102941,เงินโอน QR,14 ธ.ค. 68,B108,ไทย,รับจ้าง,บึงกาฬ,บึงกาฬ,15 ธ.ค. 68
490,VP01625,อาทิตยา เรืองศรี,99/1 หมู่ 1 ต.หนองเดิ่น อ.บุ่งคล้า จ.บึงกาฬ,3021456882801,082-9604494,เงินโอน QR,15 ธ.ค. 68,A104,ไทย,รับจ้าง,บึงกาฬ,บึงกาฬ,16 ธ.ค. 68
491,VP01626,ชยพล ศรีจันทร์,12/7 ต.วิศิษฐ์ อ.เมือง จ.บึงกาฬ,8455478876840,087-9664510,เงินโอน QR,16 ธ.ค. 68,A105,ไทย,รับจ้าง,บึงกาฬ,บึงกาฬ,17 ธ.ค. 68
492,VP01627,อธิวัฒน์ แก้วใส,123 หมู่ 5 ต.บึงกาฬ อ.เมืองบึงกาฬ จ.บึงกาฬ,106421890030,083-1290420,เงินสด,17 ธ.ค. 68,A111,ไทย,รับจ้าง,บึงกาฬ,บึงกาฬ,18 ธ.ค. 68
493,VP01628,นิภาพร ใจดี,88 หมู่ 4 ต.โพธิ์หมากแข้ง อ.ศรีวิไล จ.บึงกาฬ,4973543657794,087-2759934,เงินโอน QR,18 ธ.ค. 68,N6,ไทย,รับจ้าง,บึงกาฬ,บึงกาฬ,19 ธ.ค. 68
494,VP01629,จักรพงษ์ โพธิ์ชัย,123 หมู่ 5 ต.บึงกาฬ อ.เมืองบึงกาฬ จ.บึงกาฬ,2069305590053,088-7290833,เงินโอน QR,19 ธ.ค. 68,N7,ไทย,รับจ้าง,บึงกาฬ,บึงกาฬ,20 ธ.ค. 68
495,VP01630,สิทธิโชค มีสุข,12/7 ต.วิศิษฐ์ อ.เมือง จ.บึงกาฬ,2878515702987,082-7229565,เงินสด,20 ธ.ค. 68,A108,ไทย,รับจ้าง,บึงกาฬ,บึงกาฬ,21 ธ.ค. 68
496,VP01631,รัตนา บุญทวี,45/3 ต.บึงโขงหลง อ.บึงโขงหลง จ.บึงกาฬ,2301506968216,080-3051753,เงินสด,21 ธ.ค. 68,B105,ไทย,รับจ้าง,บึงกาฬ,บึงกาฬ,22 ธ.ค. 68
497,VP01632,ณัฐพล แก้วใส,123 หมู่ 5 ต.บึงกาฬ อ.เมืองบึงกาฬ จ.บึงกาฬ,5489326700512,083-8266616,เงินสด,22 ธ.ค. 68,A104,ไทย,รับจ้าง,บึงกาฬ,บึงกาฬ,23 ธ.ค. 68
498,VP01633,อธิวัฒน์ ศรีจันทร์,88 หมู่ 4 ต.โพธิ์หมากแข้ง อ.ศรีวิไล จ.บึงกาฬ,9648917919981,088-9599725,เงินโอน QR,23 ธ.ค. 68,A211,ไทย,รับจ้าง,บึงกาฬ,บึงกาฬ,24 ธ.ค. 68
499,VP01634,กัลยารัตน์ อินทรวงศ์,45/3 ต.บึงโขงหลง อ.บึงโขงหลง จ.บึงกาฬ,9856476565302,088-8934133,เงินสด,24 ธ.ค. 68,B101,ไทย,รับจ้าง,บึงกาฬ,บึงกาฬ,25 ธ.ค. 68
500,VP01635,กิตติศักดิ์ บุญทวี,88 หมู่ 4 ต.โพธิ์หมากแข้ง อ.ศรีวิไล จ.บึงกาฬ,2576229847440,089-4032206,เงินโอน QR,25 ธ.ค. 68,A105,ไทย,รับจ้าง,บึงกาฬ,บึงกาฬ,26 ธ.ค. 68
501,VP01636,วรรณิศา พานทอง,123 หมู่ 5 ต.บึงกาฬ อ.เมืองบึงกาฬ จ.บึงกาฬ,4158609450199,080-4365268,เงินโอน QR,26 ธ.ค. 68,B102,ไทย,รับจ้าง,บึงกาฬ,บึงกาฬ,27 ธ.ค. 68
502,VP01637,อาทิตยา สุขสม,123 หมู่ 5 ต.บึงกาฬ อ.เมืองบึงกาฬ จ.บึงกาฬ,4075118055346,082-8565527,เงินโอน QR,27 ธ.ค. 68,B101,ไทย,รับจ้าง,บึงกาฬ,บึงกาฬ,28 ธ.ค. 68
503,VP01638,จักรพงษ์ ทองสิงห์,88 หมู่ 4 ต.โพธิ์หมากแข้ง อ.ศรีวิไล จ.บึงกาฬ,61109948428,086-1515845,เงินสด,28 ธ.ค. 68,A104,ไทย,รับจ้าง,บึงกาฬ,บึงกาฬ,29 ธ.ค. 68
504,VP01639,ณัฐพล กล้าหาญ,123 หมู่ 5 ต.บึงกาฬ อ.เมืองบึงกาฬ จ.บึงกาฬ,3602088420230,085-6237191,เงินโอน QR,29 ธ.ค. 68,N5,ไทย,รับจ้าง,บึงกาฬ,บึงกาฬ,30 ธ.ค. 68
505,VP01640,จักรพงษ์ ศรีมหา,123 หมู่ 5 ต.บึงกาฬ อ.เมืองบึงกาฬ จ.บึงกาฬ,627227822769,086-4869089,เงินโอน QR,30 ธ.ค. 68,B111,ไทย,รับจ้าง,บึงกาฬ,บึงกาฬ,31 ธ.ค. 68
506,VP01641,พัชรี สายชล,45/3 ต.บึงโขงหลง อ.บึงโขงหลง จ.บึงกาฬ,3302496224529,089-6843031,เงินสด,31 ธ.ค. 68,A107,ไทย,รับจ้าง,บึงกาฬ,บึงกาฬ,01 ม.ค. 69
507,VP01642,สุริยา พงษ์ไพบูลย์,12/7 ต.วิศิษฐ์ อ.เมือง จ.บึงกาฬ,6118577255960,086-8177598,เงินสด,01 ม.ค. 69,B102,ไทย,รับจ้าง,บึงกาฬ,บึงกาฬ,02 ม.ค. 69
508,VP01643,สุริยา กล้าหาญ,12/7 ต.วิศิษฐ์ อ.เมือง จ.บึงกาฬ,7625870837634,083-1183565,เงินสด,02 ม.ค. 69,B094,ไทย,รับจ้าง,บึงกาฬ,บึงกาฬ,03 ม.ค. 69
509,VP01644,ชยพล บุญทวี,99/1 หมู่ 1 ต.หนองเดิ่น อ.บุ่งคล้า จ.บึงกาฬ,7827570713671,082-1217451,เงินโอน QR,03 ม.ค. 69,B103,ไทย,รับจ้าง,บึงกาฬ,บึงกาฬ,04 ม.ค. 69
510,VP01645,กัลยารัตน์ มีสุข,99/1 หมู่ 1 ต.หนองเดิ่น อ.บุ่งคล้า จ.บึงกาฬ,8617164882346,083-6792646,เงินสด,04 ม.ค. 69,B107,ไทย,รับจ้าง,บึงกาฬ,บึงกาฬ,05 ม.ค. 69
511,VP01646,พัชรี ทองสิงห์,123 หมู่ 5 ต.บึงกาฬ อ.เมืองบึงกาฬ จ.บึงกาฬ,4306188271328,088-9840787,เงินโอน QR,05 ม.ค. 69,B105,ไทย,รับจ้าง,บึงกาฬ,บึงกาฬ,06 ม.ค. 69
512,VP01647,ณัฐพล พานทอง,45/3 ต.บึงโขงหลง อ.บึงโขงหลง จ.บึงกาฬ,8667184484391,082-3912990,เงินโอน QR,06 ม.ค. 69,B106,ไทย,รับจ้าง,บึงกาฬ,บึงกาฬ,07 ม.ค. 69
513,VP01648,ธัญชนก ทองสิงห์,45/3 ต.บึงโขงหลง อ.บึงโขงหลง จ.บึงกาฬ,9909227653649,081-8578692,เงินโอน QR,07 ม.ค. 69,A111,ไทย,รับจ้าง,บึงกาฬ,บึงกาฬ,08 ม.ค. 69
514,VP01649,อธิวัฒน์ ศรีมหา,88 หมู่ 4 ต.โพธิ์หมากแข้ง อ.ศรีวิไล จ.บึงกาฬ,1628475578650,085-5831977,เงินสด,08 ม.ค. 69,A110,ไทย,รับจ้าง,บึงกาฬ,บึงกาฬ,09 ม.ค. 69
515,VP01650,ชัยวัฒน์ พานทอง,12/7 ต.วิศิษฐ์ อ.เมือง จ.บึงกาฬ,3141935965276,089-2132268,เงินโอน QR,09 ม.ค. 69,B109,ไทย,รับจ้าง,บึงกาฬ,บึงกาฬ,10 ม.ค. 69
516,VP01651,อาทิตยา คำแสน,45/3 ต.บึงโขงหลง อ.บึงโขงหลง จ.บึงกาฬ,7914396493102,080-4655978,เงินโอน QR,10 ม.ค. 69,N6,ไทย,รับจ้าง,บึงกาฬ,บึงกาฬ,11 ม.ค. 69
517,VP01652,ธัญชนก สุขสม,99/1 หมู่ 1 ต.หนองเดิ่น อ.บุ่งคล้า จ.บึงกาฬ,2600658414032,084-6407134,เงินสด,11 ม.ค. 69,B110,ไทย,รับจ้าง,บึงกาฬ,บึงกาฬ,12 ม.ค. 69
518,VP01653,กิตติศักดิ์ สุขสม,45/3 ต.บึงโขงหลง อ.บึงโขงหลง จ.บึงกาฬ,9365437389210,080-4071748,เงินสด,12 ม.ค. 69,A103,ไทย,รับจ้าง,บึงกาฬ,บึงกาฬ,13 ม.ค. 69
519,VP01654,พัชรี โพธิ์ชัย,99/1 หมู่ 1 ต.หนองเดิ่น อ.บุ่งคล้า จ.บึงกาฬ,998520618498,083-7932345,เงินสด,13 ม.ค. 69,B105,ไทย,รับจ้าง,บึงกาฬ,บึงกาฬ,14 ม.ค. 69
520,VP01655,อาทิตยา กล้าหาญ,12/7 ต.วิศิษฐ์ อ.เมือง จ.บึงกาฬ,8188680523706,080-9990235,เงินโอน QR,14 ม.ค. 69,B104,ไทย,รับจ้าง,บึงกาฬ,บึงกาฬ,15 ม.ค. 69
521,VP01656,ยุพา มีสุข,99/1 หมู่ 1 ต.หนองเดิ่น อ.บุ่งคล้า จ.บึงกาฬ,5840113166497,081-6445686,เงินสด,15 ม.ค. 69,B105,ไทย,รับจ้าง,บึงกาฬ,บึงกาฬ,16 ม.ค. 69
522,VP01657,พัชรี รุ่งเรือง,88 หมู่ 4 ต.โพธิ์หมากแข้ง อ.ศรีวิไล จ.บึงกาฬ,5657213184983,083-8131879,เงินโอน QR,16 ม.ค. 69,B106,ไทย,รับจ้าง,บึงกาฬ,บึงกาฬ,17 ม.ค. 69
523,VP01658,ประเสริฐ กล้าหาญ,45/3 ต.บึงโขงหลง อ.บึงโขงหลง จ.บึงกาฬ,1677295087180,086-8783532,เงินโอน QR,17 ม.ค. 69,N1,ไทย,รับจ้าง,บึงกาฬ,บึงกาฬ,18 ม.ค. 69
524,VP01659,อธิวัฒน์ มีสุข,99/1 หมู่ 1 ต.หนองเดิ่น อ.บุ่งคล้า จ.บึงกาฬ,9846032333038,089-8285615,เงินโอน QR,18 ม.ค. 69,B108,ไทย,รับจ้าง,บึงกาฬ,บึงกาฬ,19 ม.ค. 69
525,VP01660,พัชรี พานทอง,88 หมู่ 4 ต.โพธิ์หมากแข้ง อ.ศรีวิไล จ.บึงกาฬ,7884782095600,089-9723292,เงินสด,19 ม.ค. 69,B107,ไทย,รับจ้าง,บึงกาฬ,บึงกาฬ,20 ม.ค. 69
526,VP01661,พัชรี มีสุข,45/3 ต.บึงโขงหลง อ.บึงโขงหลง จ.บึงกาฬ,5434394474136,085-5836857,เงินโอน QR,20 ม.ค. 69,B109,ไทย,รับจ้าง,บึงกาฬ,บึงกาฬ,21 ม.ค. 69
527,VP01662,อารยา แก้วใส,12/7 ต.วิศิษฐ์ อ.เมือง จ.บึงกาฬ,8845034011056,089-4263711,เงินโอน QR,21 ม.ค. 69,A108,ไทย,รับจ้าง,บึงกาฬ,บึงกาฬ,22 ม.ค. 69
528,VP01663,สิทธิโชค บุญทวี,45/3 ต.บึงโขงหลง อ.บึงโขงหลง จ.บึงกาฬ,9869157206132,087-8645184,เงินสด,22 ม.ค. 69,B108,ไทย,รับจ้าง,บึงกาฬ,บึงกาฬ,23 ม.ค. 69
529,VP01664,สุริยา วัฒนกุล,12/7 ต.วิศิษฐ์ อ.เมือง จ.บึงกาฬ,5956877150931,086-6773431,เงินสด,23 ม.ค. 69,A106,ไทย,รับจ้าง,บึงกาฬ,บึงกาฬ,24 ม.ค. 69
530,VP01665,ธัญชนก วัฒนกุล,99/1 หมู่ 1 ต.หนองเดิ่น อ.บุ่งคล้า จ.บึงกาฬ,1689961598106,081-4914091,เงินสด,24 ม.ค. 69,N2,ไทย,รับจ้าง,บึงกาฬ,บึงกาฬ,25 ม.ค. 69
531,VP01666,รัตนา ทองสิงห์,88 หมู่ 4 ต.โพธิ์หมากแข้ง อ.ศรีวิไล จ.บึงกาฬ,8267087400866,084-2737883,เงินโอน QR,25 ม.ค. 69,B107,ไทย,รับจ้าง,บึงกาฬ,บึงกาฬ,26 ม.ค. 69
532,VP01667,ธัญชนก แก้วใส,123 หมู่ 5 ต.บึงกาฬ อ.เมืองบึงกาฬ จ.บึงกาฬ,1330215238723,085-8444497,เงินสด,26 ม.ค. 69,B108,ไทย,รับจ้าง,บึงกาฬ,บึงกาฬ,27 ม.ค. 69
533,VP01668,กัลยารัตน์ รุ่งเรือง,12/7 ต.วิศิษฐ์ อ.เมือง จ.บึงกาฬ,7894461933994,081-6742660,เงินโอน QR,27 ม.ค. 69,B109,ไทย,รับจ้าง,บึงกาฬ,บึงกาฬ,28 ม.ค. 69
534,VP01669,พัชรี บุญทวี,123 หมู่ 5 ต.บึงกาฬ อ.เมืองบึงกาฬ จ.บึงกาฬ,2856314653041,087-7874425,เงินโอน QR,28 ม.ค. 69,B109,ไทย,รับจ้าง,บึงกาฬ,บึงกาฬ,29 ม.ค. 69
535,VP01670,รัตนา กล้าหาญ,88 หมู่ 4 ต.โพธิ์หมากแข้ง อ.ศรีวิไล จ.บึงกาฬ,9326070505420,088-4002600,เงินโอน QR,29 ม.ค. 69,A108,ไทย,รับจ้าง,บึงกาฬ,บึงกาฬ,30 ม.ค. 69
536,VP01671,จักรพงษ์ แก้วใส,123 หมู่ 5 ต.บึงกาฬ อ.เมืองบึงกาฬ จ.บึงกาฬ,54245658829,089-1547230,เงินสด,30 ม.ค. 69,B101,ไทย,รับจ้าง,บึงกาฬ,บึงกาฬ,31 ม.ค. 69
537,VP01672,อธิวัฒน์ สุขสม,45/3 ต.บึงโขงหลง อ.บึงโขงหลง จ.บึงกาฬ,478484380951,081-7914279,เงินโอน QR,31 ม.ค. 69,B109,ไทย,รับจ้าง,บึงกาฬ,บึงกาฬ,01 ก.พ. 69
538,VP01673,สิทธิโชค แสงทอง,99/1 หมู่ 1 ต.หนองเดิ่น อ.บุ่งคล้า จ.บึงกาฬ,2810394245423,089-8386033,เงินโอน QR,01 ก.พ. 69,B110,ไทย,รับจ้าง,บึงกาฬ,บึงกาฬ,02 ก.พ. 69
539,VP01674,วรรณิศา อินทรวงศ์,45/3 ต.บึงโขงหลง อ.บึงโขงหลง จ.บึงกาฬ,592150099126,086-6049037,เงินสด,02 ก.พ. 69,A105,ไทย,รับจ้าง,บึงกาฬ,บึงกาฬ,03 ก.พ. 69
540,VP01675,กัลยารัตน์ วัฒนกุล,99/1 หมู่ 1 ต.หนองเดิ่น อ.บุ่งคล้า จ.บึงกาฬ,2079340183844,083-8140127,เงินสด,03 ก.พ. 69,A107,ไทย,รับจ้าง,บึงกาฬ,บึงกาฬ,04 ก.พ. 69
541,VP01676,รัตนา เรืองศรี,88 หมู่ 4 ต.โพธิ์หมากแข้ง อ.ศรีวิไล จ.บึงกาฬ,6858871849760,085-7821396,เงินสด,04 ก.พ. 69,A106,ไทย,รับจ้าง,บึงกาฬ,บึงกาฬ,05 ก.พ. 69
542,VP01677,ธัญชนก โพธิ์ชัย,99/1 หมู่ 1 ต.หนองเดิ่น อ.บุ่งคล้า จ.บึงกาฬ,9096950972837,087-6660128,เงินโอน QR,05 ก.พ. 69,A104,ไทย,รับจ้าง,บึงกาฬ,บึงกาฬ,06 ก.พ. 69
543,VP01678,อารยา อินทรวงศ์,45/3 ต.บึงโขงหลง อ.บึงโขงหลง จ.บึงกาฬ,255779423213,088-1807704,เงินสด,06 ก.พ. 69,B103,ไทย,รับจ้าง,บึงกาฬ,บึงกาฬ,07 ก.พ. 69
544,VP01679,สุริยา เรืองศรี,99/1 หมู่ 1 ต.หนองเดิ่น อ.บุ่งคล้า จ.บึงกาฬ,8025656124389,086-4479930,เงินโอน QR,07 ก.พ. 69,B107,ไทย,รับจ้าง,บึงกาฬ,บึงกาฬ,08 ก.พ. 69
545,VP01680,นิภาพร แสงทอง,12/7 ต.วิศิษฐ์ อ.เมือง จ.บึงกาฬ,6158030253385,083-7666052,เงินโอน QR,08 ก.พ. 69,B107,ไทย,รับจ้าง,บึงกาฬ,บึงกาฬ,09 ก.พ. 69
546,VP01681,ชยพล มีสุข,45/3 ต.บึงโขงหลง อ.บึงโขงหลง จ.บึงกาฬ,5434433735510,085-3752147,เงินโอน QR,09 ก.พ. 69,B109,ไทย,รับจ้าง,บึงกาฬ,บึงกาฬ,10 ก.พ. 69
547,VP01682,วรรณิศา มีสุข,123 หมู่ 5 ต.บึงกาฬ อ.เมืองบึงกาฬ จ.บึงกาฬ,5479635240305,082-4717723,เงินสด,10 ก.พ. 69,B104,ไทย,รับจ้าง,บึงกาฬ,บึงกาฬ,11 ก.พ. 69
548,VP01683,กิตติศักดิ์ คำแสน,88 หมู่ 4 ต.โพธิ์หมากแข้ง อ.ศรีวิไล จ.บึงกาฬ,6546266471349,081-9407273,เงินโอน QR,11 ก.พ. 69,B106,ไทย,รับจ้าง,บึงกาฬ,บึงกาฬ,12 ก.พ. 69
549,VP01684,ชยพล คำแสน,45/3 ต.บึงโขงหลง อ.บึงโขงหลง จ.บึงกาฬ,330467946970,086-5642794,เงินโอน QR,12 ก.พ. 69,N5,ไทย,รับจ้าง,บึงกาฬ,บึงกาฬ,13 ก.พ. 69
550,VP01685,มนัสนันท์ คำแสน,123 หมู่ 5 ต.บึงกาฬ อ.เมืองบึงกาฬ จ.บึงกาฬ,197445694682,085-6430969,เงินสด,13 ก.พ. 69,A109,ไทย,รับจ้าง,บึงกาฬ,บึงกาฬ,14 ก.พ. 69
551,VP01686,ยุพา รัตนพร,12/7 ต.วิศิษฐ์ อ.เมือง จ.บึงกาฬ,6358336048310,088-7347304,เงินสด,14 ก.พ. 69,B107,ไทย,รับจ้าง,บึงกาฬ,บึงกาฬ,15 ก.พ. 69
552,VP01687,นิภาพร คำแสน,12/7 ต.วิศิษฐ์ อ.เมือง จ.บึงกาฬ,5096232906358,085-1759537,เงินสด,15 ก.พ. 69,N6,ไทย,รับจ้าง,บึงกาฬ,บึงกาฬ,16 ก.พ. 69
553,VP01688,ยุพา วัฒนกุล,12/7 ต.วิศิษฐ์ อ.เมือง จ.บึงกาฬ,3388457015435,085-5032289,เงินโอน QR,16 ก.พ. 69,B109,ไทย,รับจ้าง,บึงกาฬ,บึงกาฬ,17 ก.พ. 69
554,VP01689,วรรณิศา สุขสม,45/3 ต.บึงโขงหลง อ.บึงโขงหลง จ.บึงกาฬ,5331701149701,080-9136100,เงินสด,17 ก.พ. 69,A104,ไทย,รับจ้าง,บึงกาฬ,บึงกาฬ,18 ก.พ. 69
555,VP01690,สุริยา ศรีจันทร์,88 หมู่ 4 ต.โพธิ์หมากแข้ง อ.ศรีวิไล จ.บึงกาฬ,7623856745841,086-4508043,เงินโอน QR,18 ก.พ. 69,A105,ไทย,รับจ้าง,บึงกาฬ,บึงกาฬ,19 ก.พ. 69
556,VP01691,ชยพล ใจดี,88 หมู่ 4 ต.โพธิ์หมากแข้ง อ.ศรีวิไล จ.บึงกาฬ,9682843998299,082-5266968,เงินโอน QR,19 ก.พ. 69,A104,ไทย,รับจ้าง,บึงกาฬ,บึงกาฬ,20 ก.พ. 69
557,VP01692,ชยพล สายชล,88 หมู่ 4 ต.โพธิ์หมากแข้ง อ.ศรีวิไล จ.บึงกาฬ,9274710817622,082-3997715,เงินโอน QR,20 ก.พ. 69,B108,ไทย,รับจ้าง,บึงกาฬ,บึงกาฬ,21 ก.พ. 69
558,VP01693,สุริยา มีสุข,45/3 ต.บึงโขงหลง อ.บึงโขงหลง จ.บึงกาฬ,1464393679264,081-9395254,เงินสด,21 ก.พ. 69,A111,ไทย,รับจ้าง,บึงกาฬ,บึงกาฬ,22 ก.พ. 69
559,VP01694,สิทธิโชค รัตนพร,123 หมู่ 5 ต.บึงกาฬ อ.เมืองบึงกาฬ จ.บึงกาฬ,4908443969517,089-5245289,เงินโอน QR,22 ก.พ. 69,B109,ไทย,รับจ้าง,บึงกาฬ,บึงกาฬ,23 ก.พ. 69
560,VP01695,กิตติศักดิ์ กล้าหาญ,12/7 ต.วิศิษฐ์ อ.เมือง จ.บึงกาฬ,5570447311224,084-5542296,เงินโอน QR,23 ก.พ. 69,A108,ไทย,รับจ้าง,บึงกาฬ,บึงกาฬ,24 ก.พ. 69
561,VP01696,จักรพงษ์ ใจดี,88 หมู่ 4 ต.โพธิ์หมากแข้ง อ.ศรีวิไล จ.บึงกาฬ,9129318990573,088-5507773,เงินสด,24 ก.พ. 69,B109,ไทย,รับจ้าง,บึงกาฬ,บึงกาฬ,25 ก.พ. 69
562,VP01697,วรรณิศา บุญทวี,123 หมู่ 5 ต.บึงกาฬ อ.เมืองบึงกาฬ จ.บึงกาฬ,2687437610027,086-8435483,เงินสด,25 ก.พ. 69,B110,ไทย,รับจ้าง,บึงกาฬ,บึงกาฬ,26 ก.พ. 69
563,VP01698,ชยพล เรืองศรี,12/7 ต.วิศิษฐ์ อ.เมือง จ.บึงกาฬ,5225811414163,088-6700170,เงินสด,26 ก.พ. 69,B111,ไทย,รับจ้าง,บึงกาฬ,บึงกาฬ,27 ก.พ. 69
564,VP01699,วรรณิศา สายชล,45/3 ต.บึงโขงหลง อ.บึงโขงหลง จ.บึงกาฬ,1410624623363,082-1979902,เงินโอน QR,27 ก.พ. 69,B110,ไทย,รับจ้าง,บึงกาฬ,บึงกาฬ,28 ก.พ. 69
565,VP01700,อธิวัฒน์ เรืองศรี,12/7 ต.วิศิษฐ์ อ.เมือง จ.บึงกาฬ,2284491726359,088-5866880,เงินสด,28 ก.พ. 69,A106,ไทย,รับจ้าง,บึงกาฬ,บึงกาฬ,01 มี.ค. 69
566,VP01701,มนัสนันท์ มีสุข,123 หมู่ 5 ต.บึงกาฬ อ.เมืองบึงกาฬ จ.บึงกาฬ,8105610006386,085-9185564,เงินโอน QR,01 มี.ค. 69,B106,ไทย,รับจ้าง,บึงกาฬ,บึงกาฬ,02 มี.ค. 69
567,VP01702,ณัฐพล อินทรวงศ์,12/7 ต.วิศิษฐ์ อ.เมือง จ.บึงกาฬ,7940620948041,082-8925389,เงินโอน QR,02 มี.ค. 69,B109,ไทย,รับจ้าง,บึงกาฬ,บึงกาฬ,03 มี.ค. 69
568,VP01703,ยุพา ทองสิงห์,99/1 หมู่ 1 ต.หนองเดิ่น อ.บุ่งคล้า จ.บึงกาฬ,1435632882791,084-2626389,เงินโอน QR,03 มี.ค. 69,B110,ไทย,รับจ้าง,บึงกาฬ,บึงกาฬ,04 มี.ค. 69
569,VP01704,กิตติศักดิ์ พานทอง,99/1 หมู่ 1 ต.หนองเดิ่น อ.บุ่งคล้า จ.บึงกาฬ,1957847150737,081-7484584,เงินสด,04 มี.ค. 69,A105,ไทย,รับจ้าง,บึงกาฬ,บึงกาฬ,05 มี.ค. 69
570,VP01705,อารยา ศรีจันทร์,123 หมู่ 5 ต.บึงกาฬ อ.เมืองบึงกาฬ จ.บึงกาฬ,7332872555946,081-7110552,เงินโอน QR,05 มี.ค. 69,A107,ไทย,รับจ้าง,บึงกาฬ,บึงกาฬ,06 มี.ค. 69
571,VP01706,สุริยา รัตนพร,123 หมู่ 5 ต.บึงกาฬ อ.เมืองบึงกาฬ จ.บึงกาฬ,1185702674551,081-9682234,เงินโอน QR,06 มี.ค. 69,A106,ไทย,รับจ้าง,บึงกาฬ,บึงกาฬ,07 มี.ค. 69
572,VP01707,จักรพงษ์ สุขสม,88 หมู่ 4 ต.โพธิ์หมากแข้ง อ.ศรีวิไล จ.บึงกาฬ,5856506428384,087-6977713,เงินสด,07 มี.ค. 69,A104,ไทย,รับจ้าง,บึงกาฬ,บึงกาฬ,08 มี.ค. 69
573,VP01708,มนัสนันท์ แสงทอง,12/7 ต.วิศิษฐ์ อ.เมือง จ.บึงกาฬ,6452510510408,084-5213470,เงินสด,08 มี.ค. 69,B103,ไทย,รับจ้าง,บึงกาฬ,บึงกาฬ,09 มี.ค. 69
574,VP01709,อารยา มีสุข,45/3 ต.บึงโขงหลง อ.บึงโขงหลง จ.บึงกาฬ,4274700821105,083-7191797,เงินสด,09 มี.ค. 69,B107,ไทย,รับจ้าง,บึงกาฬ,บึงกาฬ,10 มี.ค. 69
575,VP01710,ชัยวัฒน์ กล้าหาญ,45/3 ต.บึงโขงหลง อ.บึงโขงหลง จ.บึงกาฬ,1542127857566,080-7444512,เงินโอน QR,10 มี.ค. 69,B107,ไทย,รับจ้าง,บึงกาฬ,บึงกาฬ,11 มี.ค. 69
576,VP01711,กัลยารัตน์ คำแสน,99/1 หมู่ 1 ต.หนองเดิ่น อ.บุ่งคล้า จ.บึงกาฬ,6378458358236,082-5390515,เงินสด,11 มี.ค. 69,B109,ไทย,รับจ้าง,บึงกาฬ,บึงกาฬ,12 มี.ค. 69
577,VP01712,ประเสริฐ ศรีจันทร์,88 หมู่ 4 ต.โพธิ์หมากแข้ง อ.ศรีวิไล จ.บึงกาฬ,1053013260900,087-4212745,เงินโอน QR,12 มี.ค. 69,B109,ไทย,รับจ้าง,บึงกาฬ,บึงกาฬ,13 มี.ค. 69
578,VP01713,กิตติศักดิ์ วัฒนกุล,99/1 หมู่ 1 ต.หนองเดิ่น อ.บุ่งคล้า จ.บึงกาฬ,4707259098937,080-6894276,เงินโอน QR,13 มี.ค. 69,B110,ไทย,รับจ้าง,บึงกาฬ,บึงกาฬ,14 มี.ค. 69
579,VP01714,กัลยารัตน์ โพธิ์ชัย,88 หมู่ 4 ต.โพธิ์หมากแข้ง อ.ศรีวิไล จ.บึงกาฬ,4479334191196,085-7874537,เงินโอน QR,14 มี.ค. 69,A105,ไทย,รับจ้าง,บึงกาฬ,บึงกาฬ,15 มี.ค. 69
580,VP01715,อาทิตยา บุญทวี,99/1 หมู่ 1 ต.หนองเดิ่น อ.บุ่งคล้า จ.บึงกาฬ,4126969892784,083-4445175,เงินสด,15 มี.ค. 69,A107,ไทย,รับจ้าง,บึงกาฬ,บึงกาฬ,16 มี.ค. 69
581,VP01716,ยุพา พานทอง,12/7 ต.วิศิษฐ์ อ.เมือง จ.บึงกาฬ,6702737153051,089-5154084,เงินโอน QR,16 มี.ค. 69,A106,ไทย,รับจ้าง,บึงกาฬ,บึงกาฬ,17 มี.ค. 69
582,VP01717,อธิวัฒน์ กล้าหาญ,88 หมู่ 4 ต.โพธิ์หมากแข้ง อ.ศรีวิไล จ.บึงกาฬ,2671952637877,087-5382701,เงินโอน QR,17 มี.ค. 69,A104,ไทย,รับจ้าง,บึงกาฬ,บึงกาฬ,18 มี.ค. 69
583,VP01718,ธัญชนก บุญทวี,123 หมู่ 5 ต.บึงกาฬ อ.เมืองบึงกาฬ จ.บึงกาฬ,8420752488137,086-5401653,เงินสด,18 มี.ค. 69,B103,ไทย,รับจ้าง,บึงกาฬ,บึงกาฬ,19 มี.ค. 69
584,VP01719,ณัฐพล เรืองศรี,88 หมู่ 4 ต.โพธิ์หมากแข้ง อ.ศรีวิไล จ.บึงกาฬ,3939572919117,087-4546500,เงินสด,19 มี.ค. 69,B107,ไทย,รับจ้าง,บึงกาฬ,บึงกาฬ,20 มี.ค. 69
585,VP01720,ประเสริฐ รุ่งเรือง,99/1 หมู่ 1 ต.หนองเดิ่น อ.บุ่งคล้า จ.บึงกาฬ,2917126186311,080-8802829,เงินสด,20 มี.ค. 69,B107,ไทย,รับจ้าง,บึงกาฬ,บึงกาฬ,21 มี.ค. 69
586,VP01721,ภูวดล แก้วใส,45/3 ต.บึงโขงหลง อ.บึงโขงหลง จ.บึงกาฬ,5541117904456,082-1698668,เงินสด,21 มี.ค. 69,B109,ไทย,รับจ้าง,บึงกาฬ,บึงกาฬ,22 มี.ค. 69
587,VP01722,ภูวดล สายชล,12/7 ต.วิศิษฐ์ อ.เมือง จ.บึงกาฬ,1130392978594,085-6779729,เงินสด,22 มี.ค. 69,B109,ไทย,รับจ้าง,บึงกาฬ,บึงกาฬ,23 มี.ค. 69
588,VP01723,อธิวัฒน์ รุ่งเรือง,45/3 ต.บึงโขงหลง อ.บึงโขงหลง จ.บึงกาฬ,6694691284358,085-4498170,เงินสด,23 มี.ค. 69,B110,ไทย,รับจ้าง,บึงกาฬ,บึงกาฬ,24 มี.ค. 69
589,VP01724,ชัยวัฒน์ รุ่งเรือง,99/1 หมู่ 1 ต.หนองเดิ่น อ.บุ่งคล้า จ.บึงกาฬ,6166786540740,080-7415455,เงินสด,24 มี.ค. 69,A105,ไทย,รับจ้าง,บึงกาฬ,บึงกาฬ,25 มี.ค. 69
590,VP01725,อธิวัฒน์ ทองสิงห์,123 หมู่ 5 ต.บึงกาฬ อ.เมืองบึงกาฬ จ.บึงกาฬ,5884136851817,080-5046739,เงินสด,25 มี.ค. 69,A107,ไทย,รับจ้าง,บึงกาฬ,บึงกาฬ,26 มี.ค. 69
591,VP01726,กิตติศักดิ์ ทองสิงห์,45/3 ต.บึงโขงหลง อ.บึงโขงหลง จ.บึงกาฬ,8268587710104,080-8064406,เงินสด,26 มี.ค. 69,A106,ไทย,รับจ้าง,บึงกาฬ,บึงกาฬ,27 มี.ค. 69
592,VP01727,นิภาพร มีสุข,12/7 ต.วิศิษฐ์ อ.เมือง จ.บึงกาฬ,3324752817840,080-6666848,เงินโอน QR,27 มี.ค. 69,A104,ไทย,รับจ้าง,บึงกาฬ,บึงกาฬ,28 มี.ค. 69
593,VP01728,จักรพงษ์ สายชล,45/3 ต.บึงโขงหลง อ.บึงโขงหลง จ.บึงกาฬ,2085329946493,085-1876665,เงินโอน QR,28 มี.ค. 69,B105,ไทย,รับจ้าง,บึงกาฬ,บึงกาฬ,29 มี.ค. 69
594,VP01729,ภูวดล รัตนพร,45/3 ต.บึงโขงหลง อ.บึงโขงหลง จ.บึงกาฬ,2146933722005,084-6483968,เงินโอน QR,29 มี.ค. 69,B201,ไทย,รับจ้าง,บึงกาฬ,บึงกาฬ,30 มี.ค. 69
595,VP01730,สิทธิโชค พานทอง,12/7 ต.วิศิษฐ์ อ.เมือง จ.บึงกาฬ,8204539142284,083-2893947,เงินสด,30 มี.ค. 69,B202,ไทย,รับจ้าง,บึงกาฬ,บึงกาฬ,31 มี.ค. 69
596,VP01731,ชยพล อินทรวงศ์,12/7 ต.วิศิษฐ์ อ.เมือง จ.บึงกาฬ,9563723673066,089-9078399,เงินโอน QR,31 มี.ค. 69,B108,ไทย,รับจ้าง,บึงกาฬ,บึงกาฬ,01 เม.ย. 69
597,VP01732,มนัสนันท์ พงษ์ไพบูลย์,123 หมู่ 5 ต.บึงกาฬ อ.เมืองบึงกาฬ จ.บึงกาฬ,4565227726677,088-9917432,เงินโอน QR,01 เม.ย. 69,A111,ไทย,รับจ้าง,บึงกาฬ,บึงกาฬ,02 เม.ย. 69
598,VP01733,รัตนา พงษ์ไพบูลย์,12/7 ต.วิศิษฐ์ อ.เมือง จ.บึงกาฬ,7872001058696,082-1531078,เงินสด,02 เม.ย. 69,B109,ไทย,รับจ้าง,บึงกาฬ,บึงกาฬ,03 เม.ย. 69
599,,,,,,,,,,,,,